"FMTNAME","START","LABEL"
"geregX",1,"Northeast"
"geregX",2,"Midwest "
"geregX",3,"South"
"geregX",4,"West"
"gestfipsX",1,"AL"
"gestfipsX",2,"AK"
"gestfipsX",4,"AZ"
"gestfipsX",5,"AR"
"gestfipsX",6,"CA"
"gestfipsX",8,"CO"
"gestfipsX",9,"CT"
"gestfipsX",10,"DE"
"gestfipsX",11,"DC"
"gestfipsX",12,"FL"
"gestfipsX",13,"GA"
"gestfipsX",15,"HI"
"gestfipsX",16,"ID"
"gestfipsX",17,"IL"
"gestfipsX",18,"IN"
"gestfipsX",19,"IA"
"gestfipsX",20,"KS"
"gestfipsX",21,"KY"
"gestfipsX",22,"LA"
"gestfipsX",23,"ME"
"gestfipsX",24,"MD"
"gestfipsX",25,"MA"
"gestfipsX",26,"MI"
"gestfipsX",27,"MN"
"gestfipsX",28,"MS"
"gestfipsX",29,"MO"
"gestfipsX",30,"MT"
"gestfipsX",31,"NE"
"gestfipsX",32,"NV"
"gestfipsX",33,"NH"
"gestfipsX",34,"NJ"
"gestfipsX",35,"NM"
"gestfipsX",36,"NY"
"gestfipsX",37,"NC"
"gestfipsX",38,"ND"
"gestfipsX",39,"OH"
"gestfipsX",40,"OK"
"gestfipsX",41,"OR"
"gestfipsX",42,"PA"
"gestfipsX",44,"RI"
"gestfipsX",45,"SC"
"gestfipsX",46,"SD"
"gestfipsX",47,"TN"
"gestfipsX",48,"TX"
"gestfipsX",49,"UT"
"gestfipsX",50,"VT"
"gestfipsX",51,"VA"
"gestfipsX",53,"WA"
"gestfipsX",54,"WV"
"gestfipsX",55,"WI"
"gestfipsX",56,"WY"
"msa13X",0,"Not in MSA or MSA code not reported"
"msa13X",10180,"Abilene, TX"
"msa13X",10420,"Akron, OH"
"msa13X",10500,"Albany, GA"
"msa13X",10540,"Albany, OR"
"msa13X",10580,"Albany-Schenectady-Troy, NY"
"msa13X",10740,"Albuquerque, NM"
"msa13X",10900,"Allentown-Bethlehem-Easton, PA-NJ"
"msa13X",11020,"Altoona, PA"
"msa13X",11100,"Amarillo, TX~"
"msa13X",11460,"Ann Arbor, MI"
"msa13X",11500,"Anniston-Oxford-Jacksonville, AL"
"msa13X",11540,"Appleton, WI"
"msa13X",11700,"Asheville, NC"
"msa13X",12020,"Athens-Clarke County, GA"
"msa13X",12060,"Atlanta-Sandy Springs-Roswell, GA~"
"msa13X",12100,"Atlantic City-Hammonton, NJ"
"msa13X",12220,"Auburn-Opelika, AL"
"msa13X",12260,"Augusta-Richmond County, GA-SC~"
"msa13X",12420,"Austin-Round Rock, TX"
"msa13X",12540,"Bakersfield, CA"
"msa13X",12580,"Baltimore-Columbia-Towson, MD"
"msa13X",12620,"Bangor, ME~"
"msa13X",12700,"Barnstable Town, MA~"
"msa13X",12940,"Baton Rouge, LA"
"msa13X",12980,"Battle Creek, MI"
"msa13X",13140,"Beaumont-Port Arthur, TX~"
"msa13X",13380,"Bellingham, WA"
"msa13X",13460,"Bend-Redmond, OR"
"msa13X",13740,"Billings, MT~"
"msa13X",13780,"Binghamton, NY"
"msa13X",13820,"Birmingham-Hoover, AL"
"msa13X",13980,"Blacksburg-Christiansburg-Radford, VA~"
"msa13X",14010,"Bloomington, IL~"
"msa13X",14020,"Bloomington, IN~"
"msa13X",14260,"Boise City, ID"
"msa13X",14460,"Boston-Cambridge-Newton, MA-NH~"
"msa13X",14500,"Boulder, CO"
"msa13X",14540,"Bowling Green, KY~"
"msa13X",14740,"Bremerton-Silverdale, WA"
"msa13X",14860,"Bridgeport-Stamford-Norwalk, CT~"
"msa13X",15180,"Brownsville-Harlingen, TX"
"msa13X",15380,"Buffalo-Cheektowaga-Niagara Falls, NY"
"msa13X",15500,"Burlington, NC"
"msa13X",15540,"Burlington-South Burlington, VT~"
"msa13X",15680,"California-Lexington Park, MD"
"msa13X",15940,"Canton-Massillon, OH"
"msa13X",15980,"Cape Coral-Fort Myers, FL"
"msa13X",16060,"Carbondale-Marion, IL~"
"msa13X",16300,"Cedar Rapids, IA"
"msa13X",16540,"Chambersburg-Waynesboro, PA"
"msa13X",16580,"Champaign-Urbana, IL"
"msa13X",16620,"Charleston, WV~"
"msa13X",16700,"Charleston-North Charleston, SC"
"msa13X",16740,"Charlotte-Concord-Gastonia, NC-SC~"
"msa13X",16820,"Charlottesville, VA~"
"msa13X",16860,"Chattanooga, TN-GA"
"msa13X",16980,"Chicago-Naperville-Elgin, IL-IN-WI"
"msa13X",17020,"Chico, CA"
"msa13X",17140,"Cincinnati, OH-KY-IN~"
"msa13X",17300,"Clarksville, TN-KY~"
"msa13X",17420,"Cleveland, TN"
"msa13X",17460,"Cleveland-Elyria, OH"
"msa13X",17660,"Coeur dAlene, ID"
"msa13X",17780,"College Station-Bryan, TX"
"msa13X",17820,"Colorado Springs, CO"
"msa13X",17860,"Columbia, MO~"
"msa13X",17900,"Columbia, SC"
"msa13X",17980,"Columbus, GA-AL"
"msa13X",18140,"Columbus, OH~"
"msa13X",18580,"Corpus Christi, TX"
"msa13X",18880,"Crestview-Fort Walton Beach-Destin, FL~"
"msa13X",19100,"Dallas-Fort Worth-Arlington, TX~"
"msa13X",19300,"Daphne-Fairhope-Foley, AL"
"msa13X",19340,"Davenport-Moline-Rock Island, IA-IL"
"msa13X",19380,"Dayton, OH~"
"msa13X",19460,"Decatur, AL"
"msa13X",19500,"Decatur, IL"
"msa13X",19660,"Deltona-Daytona Beach-Ormond Beach, FL~"
"msa13X",19740,"Denver-Aurora-Lakewood, CO"
"msa13X",19780,"Des Moines-West Des Moines, IA"
"msa13X",19820,"Detroit-Warren-Dearborn, MI"
"msa13X",20100,"Dover, DE"
"msa13X",20260,"Duluth, MN-WI"
"msa13X",20500,"Durham-Chapel Hill, NC"
"msa13X",20700,"East Stroudsburg, PA"
"msa13X",20740,"Eau Claire, WI"
"msa13X",20940,"El Centro, CA"
"msa13X",21140,"Elkhart-Goshen, IN"
"msa13X",21340,"El Paso, TX~"
"msa13X",21500,"Erie, PA"
"msa13X",21660,"Eugene, OR"
"msa13X",21780,"Evansville, IN-KY~"
"msa13X",22020,"Fargo, ND-MN"
"msa13X",22140,"Farmington, NM"
"msa13X",22180,"Fayetteville, NC"
"msa13X",22220,"Fayetteville-Springdale-Rogers, AR-MO"
"msa13X",22420,"Flint, MI"
"msa13X",22500,"Florence, SC"
"msa13X",22520,"Florence-Muscle Shoals, AL"
"msa13X",22660,"Fort Collins, CO"
"msa13X",22900,"Fort Smith, AR-OK~"
"msa13X",23060,"Fort Wayne, IN"
"msa13X",23420,"Fresno, CA"
"msa13X",23540,"Gainesville, FL"
"msa13X",23580,"Gainesville, GA"
"msa13X",24020,"Glens Falls, NY"
"msa13X",24140,"Goldsboro, NC"
"msa13X",24340,"Grand Rapids-Wyoming, MI~"
"msa13X",24540,"Greeley, CO"
"msa13X",24580,"Green Bay, WI"
"msa13X",24660,"Greensboro-High Point, NC"
"msa13X",24780,"Greenville, NC~"
"msa13X",24860,"Greenville-Anderson-Mauldin, SC~"
"msa13X",25060,"Gulfport-Biloxi-Pascagoula, MS~"
"msa13X",25180,"Hagerstown-Martinsburg, MD-WV~"
"msa13X",25260,"Hanford-Corcoran, CA"
"msa13X",25420,"Harrisburg-Carlisle, PA"
"msa13X",25500,"Harrisonburg, VA"
"msa13X",25540,"Hartford-West Hartford-East Hartford, CT~"
"msa13X",25860,"Hickory-Lenoir-Morganton, NC"
"msa13X",25940,"Hilton Head Island-Bluffton-Beaufort, SC"
"msa13X",26420,"Houston-The Woodlands-Sugar Land, TX~"
"msa13X",26580,"Huntington-Ashland, WV-KY-OH~"
"msa13X",26620,"Huntsville, AL"
"msa13X",26820,"Idaho Falls, ID~"
"msa13X",26900,"Indianapolis-Carmel-Anderson, IN~"
"msa13X",26980,"Iowa City, IA"
"msa13X",27100,"Jackson, MI"
"msa13X",27140,"Jackson, MS~"
"msa13X",27260,"Jacksonville, FL"
"msa13X",27340,"Jacksonville, NC"
"msa13X",27500,"Janesville-Beloit, WI"
"msa13X",27740,"Johnson City, TN"
"msa13X",27780,"Johnstown, PA"
"msa13X",27900,"Joplin, MO"
"msa13X",27980,"Kahului-Wailuku-Lahaina, HI~"
"msa13X",28020,"Kalamazoo-Portage, MI"
"msa13X",28100,"Kankakee, IL"
"msa13X",28140,"Kansas City, MO-KS~"
"msa13X",28420,"Kennewick-Richland, WA"
"msa13X",28660,"Killeen-Temple, TX"
"msa13X",28700,"Kingsport-Bristol-Bristol, TN-VA~"
"msa13X",28740,"Kingston, NY"
"msa13X",28940,"Knoxville, TN~"
"msa13X",29100,"La Crosse-Onalaska, WI-MN"
"msa13X",29180,"Lafayette, LA~"
"msa13X",29200,"Lafayette-West Lafayette, IN"
"msa13X",29340,"Lake Charles, LA"
"msa13X",29420,"Lake Havasu City-Kingman, AZ"
"msa13X",29460,"Lakeland-Winter Haven, FL"
"msa13X",29540,"Lancaster, PA"
"msa13X",29620,"Lansing-East Lansing, MI"
"msa13X",29700,"Laredo, TX"
"msa13X",29740,"Las Cruces, NM"
"msa13X",29820,"Las Vegas-Henderson-Paradise, NV"
"msa13X",29940,"Lawrence, KS"
"msa13X",30020,"Lawton, OK~"
"msa13X",30340,"Lewiston-Auburn, ME~"
"msa13X",30460,"Lexington-Fayette, KY"
"msa13X",30780,"Little Rock-North Little Rock-Conway, AR"
"msa13X",30980,"Longview, TX"
"msa13X",31080,"Los Angeles-Long Beach-Anaheim, CA"
"msa13X",31140,"Louisville/Jefferson County, KY-IN~"
"msa13X",31180,"Lubbock, TX~"
"msa13X",31340,"Lynchburg, VA"
"msa13X",31420,"Macon, GA"
"msa13X",31460,"Madera, CA"
"msa13X",31540,"Madison, WI~"
"msa13X",31700,"Manchester-Nashua, NH~"
"msa13X",32580,"McAllen-Edinburg-Mission, TX"
"msa13X",32780,"Medford, OR"
"msa13X",32820,"Memphis, TN-MS-AR~"
"msa13X",32900,"Merced, CA"
"msa13X",33100,"Miami-Fort Lauderdale-West Palm Beach, FL"
"msa13X",33140,"Michigan City-La Porte, IN"
"msa13X",33260,"Midland, TX~"
"msa13X",33340,"Milwaukee-Waukesha-West Allis, WI"
"msa13X",33460,"Minneapolis-St. Paul-Bloomington, MN-WI~"
"msa13X",33660,"Mobile, AL"
"msa13X",33700,"Modesto, CA"
"msa13X",33740,"Monroe, LA"
"msa13X",33780,"Monroe, MI"
"msa13X",33860,"Montgomery, AL"
"msa13X",34060,"Morgantown, WV"
"msa13X",34580,"Mount Vernon-Anacortes, WA"
"msa13X",34740,"Muskegon, MI"
"msa13X",34820,"Myrtle Beach-Conway-North Myrtle Beach, SC-NC~"
"msa13X",34900,"Napa, CA"
"msa13X",34940,"Naples-Immokalee-Marco Island, FL"
"msa13X",34980,"Nashville-Davidson-Murfreesboro-Franklin, TN~"
"msa13X",35300,"New Haven-Milford, CT~"
"msa13X",35380,"New Orleans-Metairie, LA~"
"msa13X",35620,"New York-Newark-Jersey City, NY-NJ-PA~"
"msa13X",35660,"Niles-Benton Harbor, MI"
"msa13X",35840,"North Port-Sarasota-Bradenton, FL"
"msa13X",35980,"Norwich-New London, CT~"
"msa13X",36100,"Ocala, FL"
"msa13X",36140,"Ocean City, NJ"
"msa13X",36220,"Odessa, TX"
"msa13X",36260,"Ogden-Clearfield, UT~"
"msa13X",36420,"Oklahoma City, OK"
"msa13X",36500,"Olympia-Tumwater, WA"
"msa13X",36540,"Omaha-Council Bluffs, NE-IA"
"msa13X",36740,"Orlando-Kissimmee-Sanford, FL"
"msa13X",36780,"Oshkosh-Neenah, WI"
"msa13X",37100,"Oxnard-Thousand Oaks-Ventura, CA"
"msa13X",37340,"Palm Bay-Melbourne-Titusville, FL"
"msa13X",37460,"Panama City, FL~"
"msa13X",37860,"Pensacola-Ferry Pass-Brent, FL"
"msa13X",37900,"Peoria, IL"
"msa13X",37980,"Philadelphia-Camden-Wilmington, PA-NJ-DE-MD"
"msa13X",38060,"Phoenix-Mesa-Scottsdale, AZ"
"msa13X",38220,"Pine Bluff, AR"
"msa13X",38300,"Pittsburgh, PA"
"msa13X",38860,"Portland-South Portland, ME~"
"msa13X",38900,"Portland-Vancouver-Hillsboro, OR-WA"
"msa13X",38940,"Port St. Lucie, FL"
"msa13X",39140,"Prescott, AZ"
"msa13X",39300,"Providence-Warwick, RI-MA~"
"msa13X",39340,"Provo-Orem, UT"
"msa13X",39380,"Pueblo, CO"
"msa13X",39460,"Punta Gorda, FL"
"msa13X",39540,"Racine, WI"
"msa13X",39580,"Raleigh, NC"
"msa13X",39740,"Reading, PA"
"msa13X",39820,"Redding, CA"
"msa13X",39900,"Reno, NV"
"msa13X",40060,"Richmond, VA~"
"msa13X",40140,"Riverside-San Bernardino-Ontario, CA"
"msa13X",40220,"Roanoke, VA"
"msa13X",40380,"Rochester, NY~"
"msa13X",40420,"Rockford, IL"
"msa13X",40900,"Sacramento-Roseville-Arden-Arcade, CA"
"msa13X",40980,"Saginaw, MI"
"msa13X",41060,"St. Cloud, MN"
"msa13X",41100,"St. George, UT"
"msa13X",41180,"St. Louis, MO-IL~"
"msa13X",41420,"Salem, OR"
"msa13X",41500,"Salinas, CA"
"msa13X",41540,"Salisbury, MD-DE~"
"msa13X",41620,"Salt Lake City, UT~"
"msa13X",41700,"San Antonio-New Braunfels, TX"
"msa13X",41740,"San Diego-Carlsbad, CA"
"msa13X",41860,"San Francisco-Oakland-Hayward, CA"
"msa13X",41940,"San Jose-Sunnyvale-Santa Clara, CA"
"msa13X",42020,"San Luis Obispo-Paso Robles-Arroyo Grande, CA"
"msa13X",42100,"Santa Cruz-Watsonville, CA"
"msa13X",42140,"Santa Fe, NM"
"msa13X",42200,"Santa Maria-Santa Barbara, CA"
"msa13X",42220,"Santa Rosa, CA"
"msa13X",42340,"Savannah, GA"
"msa13X",42540,"Scranton-Wilkes-Barre-Hazleton, PA"
"msa13X",42660,"Seattle-Tacoma-Bellevue, WA"
"msa13X",42680,"Sebastian-Vero Beach, FL"
"msa13X",43300,"Sherman-Denison, TX"
"msa13X",43340,"Shreveport-Bossier City, LA~"
"msa13X",43420,"Sierra Vista-Douglas, AZ"
"msa13X",43620,"Sioux Falls, SD"
"msa13X",43780,"South Bend-Mishawaka, IN-MI"
"msa13X",43900,"Spartanburg, SC~"
"msa13X",44060,"Spokane-Spokane Valley, WA~"
"msa13X",44100,"Springfield, IL"
"msa13X",44140,"Springfield, MA~"
"msa13X",44180,"Springfield, MO"
"msa13X",44220,"Springfield, OH"
"msa13X",44700,"Stockton-Lodi, CA"
"msa13X",45060,"Syracuse, NY"
"msa13X",45220,"Tallahassee, FL"
"msa13X",45300,"Tampa-St. Petersburg-Clearwater, FL"
"msa13X",45460,"Terre Haute, IN"
"msa13X",45780,"Toledo, OH~"
"msa13X",45820,"Topeka, KS"
"msa13X",45940,"Trenton, NJ"
"msa13X",46060,"Tucson, AZ"
"msa13X",46140,"Tulsa, OK"
"msa13X",46220,"Tuscaloosa, AL~"
"msa13X",46340,"Tyler, TX"
"msa13X",46520,"Urban Honolulu, HI"
"msa13X",46540,"Utica-Rome, NY"
"msa13X",46660,"Valdosta, GA"
"msa13X",46700,"Vallejo-Fairfield, CA"
"msa13X",47020,"Victoria, TX~"
"msa13X",47220,"Vineland-Bridgeton, NJ"
"msa13X",47260,"Virginia Beach-Norfolk-Newport News, VA-NC~"
"msa13X",47300,"Visalia-Porterville, CA"
"msa13X",47380,"Waco, TX~"
"msa13X",47580,"Warner Robins, GA~"
"msa13X",47900,"Washington-Arlington-Alexandria, DC-VA-MD-WV~"
"msa13X",47940,"Waterloo-Cedar Falls, IA"
"msa13X",48060,"Watertown-Fort Drum, NY"
"msa13X",48140,"Wausau, WI"
"msa13X",48620,"Wichita, KS~"
"msa13X",48660,"Wichita Falls, TX"
"msa13X",48700,"Williamsport, PA"
"msa13X",49020,"Winchester, VA-WV"
"msa13X",49180,"Winston-Salem, NC~"
"msa13X",49340,"Worcester, MA-CT~"
"msa13X",49420,"Yakima, WA"
"msa13X",49620,"York-Hanover, PA"
"msa13X",49660,"Youngstown-Warren-Boardman, OH-PA"
"msa13X",49740,"Yuma, AZ"
"msa5yr13X",0,"Not in MSA or MSA code not reported"
"msa5yr13X",10180,"Abilene, TX"
"msa5yr13X",10420,"Akron, OH"
"msa5yr13X",10500,"Albany, GA"
"msa5yr13X",10540,"Albany, OR"
"msa5yr13X",10580,"Albany-Schenectady-Troy, NY"
"msa5yr13X",10740,"Albuquerque, NM"
"msa5yr13X",10900,"Allentown-Bethlehem-Easton, PA-NJ"
"msa5yr13X",11020,"Altoona, PA"
"msa5yr13X",11100,"Amarillo, TX~"
"msa5yr13X",11460,"Ann Arbor, MI"
"msa5yr13X",11500,"Anniston-Oxford-Jacksonville, AL"
"msa5yr13X",11540,"Appleton, WI"
"msa5yr13X",11700,"Asheville, NC"
"msa5yr13X",12020,"Athens-Clarke County, GA"
"msa5yr13X",12060,"Atlanta-Sandy Springs-Roswell, GA~"
"msa5yr13X",12100,"Atlantic City-Hammonton, NJ"
"msa5yr13X",12220,"Auburn-Opelika, AL"
"msa5yr13X",12260,"Augusta-Richmond County, GA-SC~"
"msa5yr13X",12420,"Austin-Round Rock, TX"
"msa5yr13X",12540,"Bakersfield, CA"
"msa5yr13X",12580,"Baltimore-Columbia-Towson, MD"
"msa5yr13X",12620,"Bangor, ME~"
"msa5yr13X",12700,"Barnstable Town, MA~"
"msa5yr13X",12940,"Baton Rouge, LA"
"msa5yr13X",12980,"Battle Creek, MI"
"msa5yr13X",13140,"Beaumont-Port Arthur, TX~"
"msa5yr13X",13380,"Bellingham, WA"
"msa5yr13X",13460,"Bend-Redmond, OR"
"msa5yr13X",13740,"Billings, MT~"
"msa5yr13X",13780,"Binghamton, NY"
"msa5yr13X",13820,"Birmingham-Hoover, AL"
"msa5yr13X",13980,"Blacksburg-Christiansburg-Radford, VA~"
"msa5yr13X",14010,"Bloomington, IL~"
"msa5yr13X",14020,"Bloomington, IN~"
"msa5yr13X",14260,"Boise City, ID"
"msa5yr13X",14460,"Boston-Cambridge-Newton, MA-NH~"
"msa5yr13X",14500,"Boulder, CO"
"msa5yr13X",14540,"Bowling Green, KY~"
"msa5yr13X",14740,"Bremerton-Silverdale, WA"
"msa5yr13X",14860,"Bridgeport-Stamford-Norwalk, CT~"
"msa5yr13X",15180,"Brownsville-Harlingen, TX"
"msa5yr13X",15380,"Buffalo-Cheektowaga-Niagara Falls, NY"
"msa5yr13X",15500,"Burlington, NC"
"msa5yr13X",15540,"Burlington-South Burlington, VT~"
"msa5yr13X",15680,"California-Lexington Park, MD"
"msa5yr13X",15940,"Canton-Massillon, OH"
"msa5yr13X",15980,"Cape Coral-Fort Myers, FL"
"msa5yr13X",16060,"Carbondale-Marion, IL~"
"msa5yr13X",16300,"Cedar Rapids, IA"
"msa5yr13X",16540,"Chambersburg-Waynesboro, PA"
"msa5yr13X",16580,"Champaign-Urbana, IL"
"msa5yr13X",16620,"Charleston, WV~"
"msa5yr13X",16700,"Charleston-North Charleston, SC"
"msa5yr13X",16740,"Charlotte-Concord-Gastonia, NC-SC~"
"msa5yr13X",16820,"Charlottesville, VA~"
"msa5yr13X",16860,"Chattanooga, TN-GA"
"msa5yr13X",16980,"Chicago-Naperville-Elgin, IL-IN-WI"
"msa5yr13X",17020,"Chico, CA"
"msa5yr13X",17140,"Cincinnati, OH-KY-IN~"
"msa5yr13X",17300,"Clarksville, TN-KY~"
"msa5yr13X",17420,"Cleveland, TN"
"msa5yr13X",17460,"Cleveland-Elyria, OH"
"msa5yr13X",17660,"Coeur dAlene, ID"
"msa5yr13X",17780,"College Station-Bryan, TX"
"msa5yr13X",17820,"Colorado Springs, CO"
"msa5yr13X",17860,"Columbia, MO~"
"msa5yr13X",17900,"Columbia, SC"
"msa5yr13X",17980,"Columbus, GA-AL"
"msa5yr13X",18140,"Columbus, OH~"
"msa5yr13X",18580,"Corpus Christi, TX"
"msa5yr13X",18880,"Crestview-Fort Walton Beach-Destin, FL~"
"msa5yr13X",19100,"Dallas-Fort Worth-Arlington, TX~"
"msa5yr13X",19300,"Daphne-Fairhope-Foley, AL"
"msa5yr13X",19340,"Davenport-Moline-Rock Island, IA-IL"
"msa5yr13X",19380,"Dayton, OH~"
"msa5yr13X",19460,"Decatur, AL"
"msa5yr13X",19500,"Decatur, IL"
"msa5yr13X",19660,"Deltona-Daytona Beach-Ormond Beach, FL~"
"msa5yr13X",19740,"Denver-Aurora-Lakewood, CO"
"msa5yr13X",19780,"Des Moines-West Des Moines, IA"
"msa5yr13X",19820,"Detroit-Warren-Dearborn, MI"
"msa5yr13X",20100,"Dover, DE"
"msa5yr13X",20260,"Duluth, MN-WI"
"msa5yr13X",20500,"Durham-Chapel Hill, NC"
"msa5yr13X",20700,"East Stroudsburg, PA"
"msa5yr13X",20740,"Eau Claire, WI"
"msa5yr13X",20940,"El Centro, CA"
"msa5yr13X",21140,"Elkhart-Goshen, IN"
"msa5yr13X",21340,"El Paso, TX~"
"msa5yr13X",21500,"Erie, PA"
"msa5yr13X",21660,"Eugene, OR"
"msa5yr13X",21780,"Evansville, IN-KY~"
"msa5yr13X",22020,"Fargo, ND-MN"
"msa5yr13X",22140,"Farmington, NM"
"msa5yr13X",22180,"Fayetteville, NC"
"msa5yr13X",22220,"Fayetteville-Springdale-Rogers, AR-MO"
"msa5yr13X",22420,"Flint, MI"
"msa5yr13X",22500,"Florence, SC"
"msa5yr13X",22520,"Florence-Muscle Shoals, AL"
"msa5yr13X",22660,"Fort Collins, CO"
"msa5yr13X",22900,"Fort Smith, AR-OK~"
"msa5yr13X",23060,"Fort Wayne, IN"
"msa5yr13X",23420,"Fresno, CA"
"msa5yr13X",23540,"Gainesville, FL"
"msa5yr13X",23580,"Gainesville, GA"
"msa5yr13X",24020,"Glens Falls, NY"
"msa5yr13X",24140,"Goldsboro, NC"
"msa5yr13X",24340,"Grand Rapids-Wyoming, MI~"
"msa5yr13X",24540,"Greeley, CO"
"msa5yr13X",24580,"Green Bay, WI"
"msa5yr13X",24660,"Greensboro-High Point, NC"
"msa5yr13X",24780,"Greenville, NC~"
"msa5yr13X",24860,"Greenville-Anderson-Mauldin, SC~"
"msa5yr13X",25060,"Gulfport-Biloxi-Pascagoula, MS~"
"msa5yr13X",25180,"Hagerstown-Martinsburg, MD-WV~"
"msa5yr13X",25260,"Hanford-Corcoran, CA"
"msa5yr13X",25420,"Harrisburg-Carlisle, PA"
"msa5yr13X",25500,"Harrisonburg, VA"
"msa5yr13X",25540,"Hartford-West Hartford-East Hartford, CT~"
"msa5yr13X",25860,"Hickory-Lenoir-Morganton, NC"
"msa5yr13X",25940,"Hilton Head Island-Bluffton-Beaufort, SC"
"msa5yr13X",26420,"Houston-The Woodlands-Sugar Land, TX~"
"msa5yr13X",26580,"Huntington-Ashland, WV-KY-OH~"
"msa5yr13X",26620,"Huntsville, AL"
"msa5yr13X",26820,"Idaho Falls, ID~"
"msa5yr13X",26900,"Indianapolis-Carmel-Anderson, IN~"
"msa5yr13X",26980,"Iowa City, IA"
"msa5yr13X",27100,"Jackson, MI"
"msa5yr13X",27140,"Jackson, MS~"
"msa5yr13X",27260,"Jacksonville, FL"
"msa5yr13X",27340,"Jacksonville, NC"
"msa5yr13X",27500,"Janesville-Beloit, WI"
"msa5yr13X",27740,"Johnson City, TN"
"msa5yr13X",27780,"Johnstown, PA"
"msa5yr13X",27900,"Joplin, MO"
"msa5yr13X",27980,"Kahului-Wailuku-Lahaina, HI~"
"msa5yr13X",28020,"Kalamazoo-Portage, MI"
"msa5yr13X",28100,"Kankakee, IL"
"msa5yr13X",28140,"Kansas City, MO-KS~"
"msa5yr13X",28420,"Kennewick-Richland, WA"
"msa5yr13X",28660,"Killeen-Temple, TX"
"msa5yr13X",28700,"Kingsport-Bristol-Bristol, TN-VA~"
"msa5yr13X",28740,"Kingston, NY"
"msa5yr13X",28940,"Knoxville, TN~"
"msa5yr13X",29100,"La Crosse-Onalaska, WI-MN"
"msa5yr13X",29180,"Lafayette, LA~"
"msa5yr13X",29200,"Lafayette-West Lafayette, IN"
"msa5yr13X",29340,"Lake Charles, LA"
"msa5yr13X",29420,"Lake Havasu City-Kingman, AZ"
"msa5yr13X",29460,"Lakeland-Winter Haven, FL"
"msa5yr13X",29540,"Lancaster, PA"
"msa5yr13X",29620,"Lansing-East Lansing, MI"
"msa5yr13X",29700,"Laredo, TX"
"msa5yr13X",29740,"Las Cruces, NM"
"msa5yr13X",29820,"Las Vegas-Henderson-Paradise, NV"
"msa5yr13X",29940,"Lawrence, KS"
"msa5yr13X",30020,"Lawton, OK~"
"msa5yr13X",30340,"Lewiston-Auburn, ME~"
"msa5yr13X",30460,"Lexington-Fayette, KY"
"msa5yr13X",30780,"Little Rock-North Little Rock-Conway, AR"
"msa5yr13X",30980,"Longview, TX"
"msa5yr13X",31080,"Los Angeles-Long Beach-Anaheim, CA"
"msa5yr13X",31140,"Louisville/Jefferson County, KY-IN~"
"msa5yr13X",31180,"Lubbock, TX~"
"msa5yr13X",31340,"Lynchburg, VA"
"msa5yr13X",31420,"Macon, GA"
"msa5yr13X",31460,"Madera, CA"
"msa5yr13X",31540,"Madison, WI~"
"msa5yr13X",31700,"Manchester-Nashua, NH~"
"msa5yr13X",32580,"McAllen-Edinburg-Mission, TX"
"msa5yr13X",32780,"Medford, OR"
"msa5yr13X",32820,"Memphis, TN-MS-AR~"
"msa5yr13X",32900,"Merced, CA"
"msa5yr13X",33100,"Miami-Fort Lauderdale-West Palm Beach, FL"
"msa5yr13X",33140,"Michigan City-La Porte, IN"
"msa5yr13X",33260,"Midland, TX~"
"msa5yr13X",33340,"Milwaukee-Waukesha-West Allis, WI"
"msa5yr13X",33460,"Minneapolis-St. Paul-Bloomington, MN-WI~"
"msa5yr13X",33660,"Mobile, AL"
"msa5yr13X",33700,"Modesto, CA"
"msa5yr13X",33740,"Monroe, LA"
"msa5yr13X",33780,"Monroe, MI"
"msa5yr13X",33860,"Montgomery, AL"
"msa5yr13X",34060,"Morgantown, WV"
"msa5yr13X",34580,"Mount Vernon-Anacortes, WA"
"msa5yr13X",34740,"Muskegon, MI"
"msa5yr13X",34820,"Myrtle Beach-Conway-North Myrtle Beach, SC-NC~"
"msa5yr13X",34900,"Napa, CA"
"msa5yr13X",34940,"Naples-Immokalee-Marco Island, FL"
"msa5yr13X",34980,"Nashville-Davidson-Murfreesboro-Franklin, TN~"
"msa5yr13X",35300,"New Haven-Milford, CT~"
"msa5yr13X",35380,"New Orleans-Metairie, LA~"
"msa5yr13X",35620,"New York-Newark-Jersey City, NY-NJ-PA~"
"msa5yr13X",35660,"Niles-Benton Harbor, MI"
"msa5yr13X",35840,"North Port-Sarasota-Bradenton, FL"
"msa5yr13X",35980,"Norwich-New London, CT~"
"msa5yr13X",36100,"Ocala, FL"
"msa5yr13X",36140,"Ocean City, NJ"
"msa5yr13X",36220,"Odessa, TX"
"msa5yr13X",36260,"Ogden-Clearfield, UT~"
"msa5yr13X",36420,"Oklahoma City, OK"
"msa5yr13X",36500,"Olympia-Tumwater, WA"
"msa5yr13X",36540,"Omaha-Council Bluffs, NE-IA"
"msa5yr13X",36740,"Orlando-Kissimmee-Sanford, FL"
"msa5yr13X",36780,"Oshkosh-Neenah, WI"
"msa5yr13X",37100,"Oxnard-Thousand Oaks-Ventura, CA"
"msa5yr13X",37340,"Palm Bay-Melbourne-Titusville, FL"
"msa5yr13X",37460,"Panama City, FL~"
"msa5yr13X",37860,"Pensacola-Ferry Pass-Brent, FL"
"msa5yr13X",37900,"Peoria, IL"
"msa5yr13X",37980,"Philadelphia-Camden-Wilmington, PA-NJ-DE-MD"
"msa5yr13X",38060,"Phoenix-Mesa-Scottsdale, AZ"
"msa5yr13X",38220,"Pine Bluff, AR"
"msa5yr13X",38300,"Pittsburgh, PA"
"msa5yr13X",38860,"Portland-South Portland, ME~"
"msa5yr13X",38900,"Portland-Vancouver-Hillsboro, OR-WA"
"msa5yr13X",38940,"Port St. Lucie, FL"
"msa5yr13X",39140,"Prescott, AZ"
"msa5yr13X",39300,"Providence-Warwick, RI-MA~"
"msa5yr13X",39340,"Provo-Orem, UT"
"msa5yr13X",39380,"Pueblo, CO"
"msa5yr13X",39460,"Punta Gorda, FL"
"msa5yr13X",39540,"Racine, WI"
"msa5yr13X",39580,"Raleigh, NC"
"msa5yr13X",39740,"Reading, PA"
"msa5yr13X",39820,"Redding, CA"
"msa5yr13X",39900,"Reno, NV"
"msa5yr13X",40060,"Richmond, VA~"
"msa5yr13X",40140,"Riverside-San Bernardino-Ontario, CA"
"msa5yr13X",40220,"Roanoke, VA"
"msa5yr13X",40380,"Rochester, NY~"
"msa5yr13X",40420,"Rockford, IL"
"msa5yr13X",40900,"Sacramento-Roseville-Arden-Arcade, CA"
"msa5yr13X",40980,"Saginaw, MI"
"msa5yr13X",41060,"St. Cloud, MN"
"msa5yr13X",41100,"St. George, UT"
"msa5yr13X",41180,"St. Louis, MO-IL~"
"msa5yr13X",41420,"Salem, OR"
"msa5yr13X",41500,"Salinas, CA"
"msa5yr13X",41540,"Salisbury, MD-DE~"
"msa5yr13X",41620,"Salt Lake City, UT~"
"msa5yr13X",41700,"San Antonio-New Braunfels, TX"
"msa5yr13X",41740,"San Diego-Carlsbad, CA"
"msa5yr13X",41860,"San Francisco-Oakland-Hayward, CA"
"msa5yr13X",41940,"San Jose-Sunnyvale-Santa Clara, CA"
"msa5yr13X",42020,"San Luis Obispo-Paso Robles-Arroyo Grande, CA"
"msa5yr13X",42100,"Santa Cruz-Watsonville, CA"
"msa5yr13X",42140,"Santa Fe, NM"
"msa5yr13X",42200,"Santa Maria-Santa Barbara, CA"
"msa5yr13X",42220,"Santa Rosa, CA"
"msa5yr13X",42340,"Savannah, GA"
"msa5yr13X",42540,"Scranton-Wilkes-Barre-Hazleton, PA"
"msa5yr13X",42660,"Seattle-Tacoma-Bellevue, WA"
"msa5yr13X",42680,"Sebastian-Vero Beach, FL"
"msa5yr13X",43300,"Sherman-Denison, TX"
"msa5yr13X",43340,"Shreveport-Bossier City, LA~"
"msa5yr13X",43420,"Sierra Vista-Douglas, AZ"
"msa5yr13X",43620,"Sioux Falls, SD"
"msa5yr13X",43780,"South Bend-Mishawaka, IN-MI"
"msa5yr13X",43900,"Spartanburg, SC~"
"msa5yr13X",44060,"Spokane-Spokane Valley, WA~"
"msa5yr13X",44100,"Springfield, IL"
"msa5yr13X",44140,"Springfield, MA~"
"msa5yr13X",44180,"Springfield, MO"
"msa5yr13X",44220,"Springfield, OH"
"msa5yr13X",44700,"Stockton-Lodi, CA"
"msa5yr13X",45060,"Syracuse, NY"
"msa5yr13X",45220,"Tallahassee, FL"
"msa5yr13X",45300,"Tampa-St. Petersburg-Clearwater, FL"
"msa5yr13X",45460,"Terre Haute, IN"
"msa5yr13X",45780,"Toledo, OH~"
"msa5yr13X",45820,"Topeka, KS"
"msa5yr13X",45940,"Trenton, NJ"
"msa5yr13X",46060,"Tucson, AZ"
"msa5yr13X",46140,"Tulsa, OK"
"msa5yr13X",46220,"Tuscaloosa, AL~"
"msa5yr13X",46340,"Tyler, TX"
"msa5yr13X",46520,"Urban Honolulu, HI"
"msa5yr13X",46540,"Utica-Rome, NY"
"msa5yr13X",46660,"Valdosta, GA"
"msa5yr13X",46700,"Vallejo-Fairfield, CA"
"msa5yr13X",47020,"Victoria, TX~"
"msa5yr13X",47220,"Vineland-Bridgeton, NJ"
"msa5yr13X",47260,"Virginia Beach-Norfolk-Newport News, VA-NC~"
"msa5yr13X",47300,"Visalia-Porterville, CA"
"msa5yr13X",47380,"Waco, TX~"
"msa5yr13X",47580,"Warner Robins, GA~"
"msa5yr13X",47900,"Washington-Arlington-Alexandria, DC-VA-MD-WV~"
"msa5yr13X",47940,"Waterloo-Cedar Falls, IA"
"msa5yr13X",48060,"Watertown-Fort Drum, NY"
"msa5yr13X",48140,"Wausau, WI"
"msa5yr13X",48620,"Wichita, KS~"
"msa5yr13X",48660,"Wichita Falls, TX"
"msa5yr13X",48700,"Williamsport, PA"
"msa5yr13X",49020,"Winchester, VA-WV"
"msa5yr13X",49180,"Winston-Salem, NC~"
"msa5yr13X",49340,"Worcester, MA-CT~"
"msa5yr13X",49420,"Yakima, WA"
"msa5yr13X",49620,"York-Hanover, PA"
"msa5yr13X",49660,"Youngstown-Warren-Boardman, OH-PA"
"msa5yr13X",49740,"Yuma, AZ"
"msa5yr03X",0,"Not in MSA or MSA code not reported"
"msa5yr03X",10180,"Abilene, TX"
"msa5yr03X",10420,"Akron, OH"
"msa5yr03X",10500,"Albany, GA"
"msa5yr03X",10580,"Albany-Schenectady-Troy, NY"
"msa5yr03X",10740,"Albuquerque, NM"
"msa5yr03X",10900,"Allentown-Bethlehem-Easton, PA-NJ"
"msa5yr03X",11020,"Altoona, PA"
"msa5yr03X",11100,"Amarillo, TX"
"msa5yr03X",11300,"Anderson, IN"
"msa5yr03X",11340,"Anderson, SC"
"msa5yr03X",11460,"Ann Arbor, MI"
"msa5yr03X",11500,"Anniston-Oxford, AL"
"msa5yr03X",11540,"Appleton, WI"
"msa5yr03X",11700,"Asheville, NC"
"msa5yr03X",12020,"Athens-Clarke County, GA"
"msa5yr03X",12060,"Atlanta-Sandy Springs-Marietta, GA"
"msa5yr03X",12100,"Atlantic City, NJ"
"msa5yr03X",12220,"Auburn-Opelika, AL"
"msa5yr03X",12260,"Augusta-Richmond County, GA-SC"
"msa5yr03X",12420,"Austin-Round Rock, TX"
"msa5yr03X",12540,"Bakersfield, CA"
"msa5yr03X",12580,"Baltimore-Towson, MD"
"msa5yr03X",12940,"Baton Rouge, LA"
"msa5yr03X",12980,"Battle Creek, MI"
"msa5yr03X",13140,"Beaumont-Port Arthur, TX"
"msa5yr03X",13380,"Bellingham, WA"
"msa5yr03X",13460,"Bend, OR"
"msa5yr03X",13740,"Billings, MT"
"msa5yr03X",13780,"Binghamton, NY"
"msa5yr03X",13820,"Birmingham-Hoover, AL"
"msa5yr03X",13980,"Blacksburg-Christiansburg-Radford, VA"
"msa5yr03X",14020,"Bloomington, IN"
"msa5yr03X",14060,"Bloomington-Normal, IL"
"msa5yr03X",14260,"Boise City-Nampa, ID"
"msa5yr03X",14500,"Boulder, CO"
"msa5yr03X",14540,"Bowling Green, KY"
"msa5yr03X",14740,"Bremerton-Silverdale, WA"
"msa5yr03X",15180,"Brownsville-Harlingen, TX"
"msa5yr03X",15380,"Buffalo-Niagara Falls, NY"
"msa5yr03X",15500,"Burlington, NC"
"msa5yr03X",15940,"Canton-Massillon, OH"
"msa5yr03X",15980,"Cape Coral-Fort Myers, FL"
"msa5yr03X",16300,"Cedar Rapids, IA"
"msa5yr03X",16580,"Champaign-Urbana, IL"
"msa5yr03X",16620,"Charleston, WV"
"msa5yr03X",16700,"Charleston-North Charleston, SC"
"msa5yr03X",16740,"Charlotte-Gastonia-Concord, NC-SC"
"msa5yr03X",16820,"Charlottesville, VA"
"msa5yr03X",16860,"Chattanooga, TN-GA"
"msa5yr03X",16980,"Chicago-Naperville-Joliet, IL-IN-WI"
"msa5yr03X",17020,"Chico, CA"
"msa5yr03X",17140,"Cincinnati-Middletown, OH-KY-IN"
"msa5yr03X",17420,"Cleveland, TN"
"msa5yr03X",17460,"Cleveland-Elyria-Mentor, OH"
"msa5yr03X",17660,"Coeur dAlene, ID"
"msa5yr03X",17780,"College Station-Bryan, TX"
"msa5yr03X",17820,"Colorado Springs, CO"
"msa5yr03X",17860,"Columbia, MO"
"msa5yr03X",17900,"Columbia, SC"
"msa5yr03X",17980,"Columbus, GA-AL"
"msa5yr03X",18140,"Columbus, OH"
"msa5yr03X",18580,"Corpus Christi, TX"
"msa5yr03X",19100,"Dallas-Fort Worth-Arlington, TX"
"msa5yr03X",19340,"Davenport-Moline-Rock Island, IA-IL"
"msa5yr03X",19380,"Dayton, OH"
"msa5yr03X",19460,"Decatur, AL"
"msa5yr03X",19500,"Decatur, IL"
"msa5yr03X",19660,"Deltona-Daytona Beach-Ormond Beach, FL"
"msa5yr03X",19740,"Denver-Aurora, CO"
"msa5yr03X",19780,"Des Moines, IA"
"msa5yr03X",19820,"Detroit-Warren-Livonia, MI"
"msa5yr03X",20100,"Dover, DE"
"msa5yr03X",20260,"Duluth, MN-WI"
"msa5yr03X",20500,"Durham, NC"
"msa5yr03X",20740,"Eau Claire, WI"
"msa5yr03X",20940,"El Centro, CA"
"msa5yr03X",21140,"Elkhart-Goshen, IN"
"msa5yr03X",21340,"El Paso, TX"
"msa5yr03X",21500,"Erie, PA"
"msa5yr03X",21660,"Eugene-Springfield, OR"
"msa5yr03X",21780,"Evansville, IN-KY"
"msa5yr03X",22020,"Fargo, ND-MN"
"msa5yr03X",22140,"Farmington, NM"
"msa5yr03X",22180,"Fayetteville, NC"
"msa5yr03X",22220,"Fayetteville-Springdale-Rogers, AR-MO"
"msa5yr03X",22420,"Flint, MI"
"msa5yr03X",22460,"Florence, AL"
"msa5yr03X",22500,"Florence, SC"
"msa5yr03X",22660,"Fort Collins-Loveland, CO"
"msa5yr03X",22900,"Fort Smith, AR-OK"
"msa5yr03X",23020,"Fort Walton Beach-Crestview-Destin, FL"
"msa5yr03X",23060,"Fort Wayne, IN"
"msa5yr03X",23420,"Fresno, CA"
"msa5yr03X",23540,"Gainesville, FL"
"msa5yr03X",23580,"Gainesville, GA"
"msa5yr03X",24020,"Glens Falls, NY"
"msa5yr03X",24140,"Goldsboro, NC"
"msa5yr03X",24340,"Grand Rapids-Wyoming, MI"
"msa5yr03X",24540,"Greeley, CO"
"msa5yr03X",24580,"Green Bay, WI"
"msa5yr03X",24660,"Greensboro-High Point, NC"
"msa5yr03X",24860,"Greenville, SC"
"msa5yr03X",25060,"Gulfport-Biloxi, MS"
"msa5yr03X",25180,"Hagerstown-Martinsburg, MD-WV"
"msa5yr03X",25260,"Hanford-Corcoran, CA"
"msa5yr03X",25420,"Harrisburg-Carlisle, PA"
"msa5yr03X",25500,"Harrisonburg, VA"
"msa5yr03X",25860,"Hickory-Morganton-Lenoir, NC"
"msa5yr03X",26100,"Holland-Grand Haven, MI"
"msa5yr03X",26180,"Honolulu, HI"
"msa5yr03X",26420,"Houston-Baytown-Sugar Land, TX"
"msa5yr03X",26580,"Huntington-Ashland, WV-KY-OH"
"msa5yr03X",26620,"Huntsville, AL"
"msa5yr03X",26900,"Indianapolis, IN"
"msa5yr03X",26980,"Iowa City, IA"
"msa5yr03X",27100,"Jackson, MI"
"msa5yr03X",27140,"Jackson, MS"
"msa5yr03X",27260,"Jacksonville, FL"
"msa5yr03X",27340,"Jacksonville, NC"
"msa5yr03X",27500,"Janesville, WI"
"msa5yr03X",27740,"Johnson City, TN"
"msa5yr03X",27780,"Johnstown, PA"
"msa5yr03X",27900,"Joplin, MO"
"msa5yr03X",28020,"Kalamazoo-Portage, MI"
"msa5yr03X",28100,"Kankakee-Bradley, IL"
"msa5yr03X",28140,"Kansas City, MO-KS"
"msa5yr03X",28420,"Kennewick-Richland-Pasco, WA"
"msa5yr03X",28660,"Killeen-Temple-Fort Hood, TX"
"msa5yr03X",28700,"Kingsport-Bristol, TN-VA"
"msa5yr03X",28740,"Kingston, NY"
"msa5yr03X",28940,"Knoxville, TN"
"msa5yr03X",29100,"La Crosse, WI-MN"
"msa5yr03X",29180,"Lafayette, LA"
"msa5yr03X",29340,"Lake Charles, LA"
"msa5yr03X",29460,"Lakeland-Winter Haven, FL"
"msa5yr03X",29540,"Lancaster, PA"
"msa5yr03X",29620,"Lansing-East Lansing, MI"
"msa5yr03X",29700,"Laredo, TX"
"msa5yr03X",29740,"Las Cruces, NM"
"msa5yr03X",29820,"Las Vegas-Paradise, NV"
"msa5yr03X",29940,"Lawrence, KS"
"msa5yr03X",30020,"Lawton, OK"
"msa5yr03X",30460,"Lexington-Fayette, KY"
"msa5yr03X",30780,"Little Rock-North Little Rock, AR"
"msa5yr03X",30980,"Longview, TX"
"msa5yr03X",31100,"Los Angeles-Long Beach-Santa Ana, CA"
"msa5yr03X",31140,"Louisville, KY-IN"
"msa5yr03X",31180,"Lubbock, TX"
"msa5yr03X",31340,"Lynchburg, VA"
"msa5yr03X",31420,"Macon, GA"
"msa5yr03X",31460,"Madera, CA"
"msa5yr03X",31540,"Madison, WI"
"msa5yr03X",32580,"McAllen-Edinburg-Pharr, TX"
"msa5yr03X",32780,"Medford, OR"
"msa5yr03X",32820,"Memphis, TN-MS-AR"
"msa5yr03X",32900,"Merced, CA"
"msa5yr03X",33100,"Miami-Fort Lauderdale-Miami Beach, FL"
"msa5yr03X",33140,"Michigan City-La Porte, IN"
"msa5yr03X",33260,"Midland, TX"
"msa5yr03X",33340,"Milwaukee-Waukesha-West Allis, WI"
"msa5yr03X",33460,"Minneapolis-St. Paul-Bloomington, MN-WI"
"msa5yr03X",33660,"Mobile, AL"
"msa5yr03X",33700,"Modesto, CA"
"msa5yr03X",33740,"Monroe, LA"
"msa5yr03X",33780,"Monroe, MI"
"msa5yr03X",33860,"Montgomery, AL"
"msa5yr03X",34060,"Morgantown, WV"
"msa5yr03X",34580,"Mount Vernon-Anacortes, WA"
"msa5yr03X",34740,"Muskegon-Norton Shores, MI"
"msa5yr03X",34820,"Myrtle Beach-Conway-North Myrtle Beach, SC"
"msa5yr03X",34900,"Napa, CA"
"msa5yr03X",34940,"Naples-Marco Island, FL"
"msa5yr03X",34980,"Nashville-Davidson-Murfreesboro, TN"
"msa5yr03X",35380,"New Orleans-Metairie-Kenner, LA"
"msa5yr03X",35620,"New York-Northern New Jersey-Long Island, NY-NJ-PA"
"msa5yr03X",35660,"Niles-Benton Harbor, MI"
"msa5yr03X",36100,"Ocala, FL"
"msa5yr03X",36140,"Ocean City, NJ"
"msa5yr03X",36220,"Odessa, TX"
"msa5yr03X",36260,"Ogden-Clearfield, UT"
"msa5yr03X",36420,"Oklahoma City, OK"
"msa5yr03X",36500,"Olympia, WA"
"msa5yr03X",36540,"Omaha-Council Bluffs, NE-IA"
"msa5yr03X",36740,"Orlando, FL"
"msa5yr03X",36780,"Oshkosh-Neenah, WI"
"msa5yr03X",37100,"Oxnard-Thousand Oaks-Ventura, CA"
"msa5yr03X",37340,"Palm Bay-Melbourne-Titusville, FL"
"msa5yr03X",37460,"Panama City-Lynn Haven, FL"
"msa5yr03X",37860,"Pensacola-Ferry Pass-Brent, FL"
"msa5yr03X",37900,"Peoria, IL"
"msa5yr03X",37980,"Philadelphia-Camden-Wilmington, PA-NJ-DE-MD"
"msa5yr03X",38060,"Phoenix-Mesa-Scottsdale, AZ"
"msa5yr03X",38220,"Pine Bluff, AR"
"msa5yr03X",38300,"Pittsburgh, PA"
"msa5yr03X",38900,"Portland-Vancouver-Beaverton, OR-WA"
"msa5yr03X",38940,"Port St. Lucie-Fort Pierce, FL"
"msa5yr03X",39100,"Poughkeepsie-Newburgh-Middletown, NY"
"msa5yr03X",39140,"Prescott, AZ"
"msa5yr03X",39340,"Provo-Orem, UT"
"msa5yr03X",39380,"Pueblo, CO"
"msa5yr03X",39460,"Punta Gorda, FL"
"msa5yr03X",39540,"Racine, WI"
"msa5yr03X",39580,"Raleigh-Cary, NC"
"msa5yr03X",39740,"Reading, PA"
"msa5yr03X",39820,"Redding, CA"
"msa5yr03X",39900,"Reno-Sparks, NV"
"msa5yr03X",40060,"Richmond, VA"
"msa5yr03X",40140,"Riverside-San Bernardino-Ontario, CA"
"msa5yr03X",40220,"Roanoke, VA"
"msa5yr03X",40380,"Rochester, NY"
"msa5yr03X",40420,"Rockford, IL"
"msa5yr03X",40900,"Sacramento-Arden-Arcade-Roseville, CA"
"msa5yr03X",40980,"Saginaw-Saginaw Township North, MI"
"msa5yr03X",41060,"St. Cloud, MN"
"msa5yr03X",41180,"St. Louis, MO-IL"
"msa5yr03X",41420,"Salem, OR"
"msa5yr03X",41500,"Salinas, CA"
"msa5yr03X",41540,"Salisbury, MD"
"msa5yr03X",41620,"Salt Lake City, UT"
"msa5yr03X",41700,"San Antonio, TX"
"msa5yr03X",41740,"San Diego-Carlsbad-San Marcos, CA"
"msa5yr03X",41860,"San Francisco-Oakland-Fremont, CA"
"msa5yr03X",41940,"San Jose-Sunnyvale-Santa Clara, CA"
"msa5yr03X",42020,"San Luis Obispo-Paso Robles, CA"
"msa5yr03X",42060,"Santa Barbara-Santa Maria-Goleta, CA"
"msa5yr03X",42100,"Santa Cruz-Watsonville, CA"
"msa5yr03X",42140,"Santa Fe, NM"
"msa5yr03X",42220,"Santa Rosa-Petaluma, CA"
"msa5yr03X",42260,"Sarasota-Bradenton-Venice, FL"
"msa5yr03X",42340,"Savannah, GA"
"msa5yr03X",42540,"Scranton-Wilkes-Barre, PA"
"msa5yr03X",42660,"Seattle-Tacoma-Bellevue, WA"
"msa5yr03X",43300,"Sherman-Denison, TX"
"msa5yr03X",43340,"Shreveport-Bossier City, LA"
"msa5yr03X",43620,"Sioux Falls, SD"
"msa5yr03X",43780,"South Bend-Mishawaka, IN-MI"
"msa5yr03X",43900,"Spartanburg, SC"
"msa5yr03X",44060,"Spokane, WA"
"msa5yr03X",44100,"Springfield, IL"
"msa5yr03X",44180,"Springfield, MO"
"msa5yr03X",44220,"Springfield, OH"
"msa5yr03X",44700,"Stockton, CA"
"msa5yr03X",45060,"Syracuse, NY"
"msa5yr03X",45220,"Tallahassee, FL"
"msa5yr03X",45300,"Tampa-St. Petersburg-Clearwater, FL"
"msa5yr03X",45460,"Terre Haute, IN"
"msa5yr03X",45780,"Toledo, OH"
"msa5yr03X",45820,"Topeka, KS"
"msa5yr03X",45940,"Trenton-Ewing, NJ"
"msa5yr03X",46060,"Tucson, AZ"
"msa5yr03X",46140,"Tulsa, OK"
"msa5yr03X",46220,"Tuscaloosa, AL"
"msa5yr03X",46340,"Tyler, TX"
"msa5yr03X",46540,"Utica-Rome, NY"
"msa5yr03X",46660,"Valdosta, GA"
"msa5yr03X",46700,"Vallejo-Fairfield, CA"
"msa5yr03X",46940,"Vero Beach, FL"
"msa5yr03X",47020,"Victoria, TX"
"msa5yr03X",47220,"Vineland-Millville-Bridgeton, NJ"
"msa5yr03X",47260,"Virginia Beach-Norfolk-Newport News, VA-NC"
"msa5yr03X",47300,"Visalia-Porterville, CA"
"msa5yr03X",47380,"Waco, TX"
"msa5yr03X",47580,"Warner Robins, GA"
"msa5yr03X",47900,"Washington-Arlington-Alexandria, DC-VA-MD-WV"
"msa5yr03X",47940,"Waterloo-Cedar Falls, IA"
"msa5yr03X",48140,"Wausau, WI"
"msa5yr03X",48620,"Wichita, KS"
"msa5yr03X",48660,"Wichita Falls, TX"
"msa5yr03X",48700,"Williamsport, PA"
"msa5yr03X",49180,"Winston-Salem, NC"
"msa5yr03X",49420,"Yakima, WA"
"msa5yr03X",49620,"York-Hanover, PA"
"msa5yr03X",49660,"Youngstown-Warren-Boardman, OH-PA"
"msa5yr03X",49740,"Yuma, AZ"
"msa5yr03X",70750,"Bangor, ME"
"msa5yr03X",70900,"Barnstable Town, MA"
"msa5yr03X",71650,"Boston-Cambridge-Quincy, MA-NH"
"msa5yr03X",71950,"Bridgeport-Stamford-Norwalk, CT"
"msa5yr03X",72400,"Burlington-South Burlington, VT"
"msa5yr03X",72850,"Danbury, CT"
"msa5yr03X",73450,"Hartford-West Hartford-East Hartford, CT"
"msa5yr03X",74500,"Leominster-Fitchburg-Gardner, MA"
"msa5yr03X",75700,"New Haven, CT"
"msa5yr03X",76450,"Norwich-New London, CT-RI"
"msa5yr03X",76750,"Portland-South Portland, ME"
"msa5yr03X",77200,"Providence-Fall River-Warwick, RI-MA"
"msa5yr03X",77350,"Rochester-Dover, NH-ME"
"msa5yr03X",78100,"Springfield, MA-CT"
"msa5yr03X",78700,"Waterbury, CT"
"msa5yr03X",79600,"Worcester, MA-CT"
"msa13chgX",1,"Yes"
"msa13chgX",2,"No"
"msa13chgX",-1,"NIU (not in MSA or MSA code not reported)"
"gtcbsastX",1,"Metropolitan area - principal city"
"gtcbsastX",2,"Metropolitan area - balance"
"gtcbsastX",3,"Not in metropolitan area"
"gtcbsastX",4,"Not identified"
"hanyafsv3X",1,"Used: In past 30 days"
"hanyafsv3X",2,"Used: Not in past 30 days but in past 12 months"
"hanyafsv3X",3,"Used: Not in past 12 months"
"hanyafsv3X",4,"Never used"
"hanyafsv3X",99,"Use unknown"
"hbankstatX",1,"Unbanked"
"hbankstatX",2,"Banked: Underbanked"
"hbankstatX",3,"Banked: Fully banked"
"hbankstatX",4,"Banked: Underbanked status unknown"
"ankstatv2X",1,"Unbanked"
"ankstatv2X",2,"Banked: Underbanked"
"ankstatv2X",3,"Banked: Fully banked"
"ankstatv2X",4,"Banked: Underbanked status unknown"
"ankstatv3X",1,"Unbanked"
"ankstatv3X",2,"Banked: Underbanked"
"ankstatv3X",3,"Banked: Fully banked"
"ankstatv3X",4,"Banked: Underbanked status unknown"
"hbaseintX",0,"Not household rep"
"hbaseintX",1,"Household rep and interviewed in base supplement"
"hbaserespX",0,"Nonrespondent"
"hbaserespX",1,"Respondent"
"hbnkaccmX",1,"Bank teller"
"hbnkaccmX",2,"ATM/Kiosk"
"hbnkaccmX",3,"Telephone banking"
"hbnkaccmX",4,"Online banking"
"hbnkaccmX",5,"Mobile banking"
"hbnkaccmX",6,"Other"
"hbnkaccmX",99,"Unknown"
"hbnkaccmX",-1,"NIU"
"hbnkaccm1X",1,"Yes"
"hbnkaccm1X",2,"No"
"hbnkaccm1X",-1,"NIU"
"hbnkaccm2X",1,"Yes"
"hbnkaccm2X",2,"No"
"hbnkaccm2X",-1,"NIU"
"hbnkaccm3X",1,"Yes"
"hbnkaccm3X",2,"No"
"hbnkaccm3X",-1,"NIU"
"hbnkaccm4X",1,"Yes"
"hbnkaccm4X",2,"No"
"hbnkaccm4X",-1,"NIU"
"hbnkaccm5X",1,"Yes"
"hbnkaccm5X",2,"No"
"hbnkaccm5X",-1,"NIU"
"hbnkaccm6X",1,"Yes"
"hbnkaccm6X",2,"No"
"hbnkaccm6X",-1,"NIU"
"hbnkaccm7X",1,"Yes"
"hbnkaccm7X",2,"No"
"hbnkaccm7X",99,"Unknown"
"hbnkaccm7X",-1,"NIU"
"nkaccmnbrX",0,"Did not access account in past 12 months or missing information on bank account access methods used"
"nkaccmnbrX",1,"1 method"
"nkaccmnbrX",2,"2 or more methods"
"nkaccmnbrX",-1,"NIU"
"hbnkfutrX",1,"Very likely"
"hbnkfutrX",2,"Somewhat likely"
"hbnkfutrX",3,"Not very likely"
"hbnkfutrX",4,"Not at all likely"
"hbnkfutrX",-1,"NIU"
"hbnkfutrX",99,"Unknown"
"nkfutrrsnX",1,"To put money in a safe place"
"nkfutrrsnX",2,"To be able to write checks and pay bills"
"nkfutrrsnX",3,"To be able to apply for a loan or mortgage"
"nkfutrrsnX",4,"To save money for the future"
"nkfutrrsnX",5,"To take advantage of direct deposit of paychecks"
"nkfutrrsnX",6,"To send money to family and friends"
"nkfutrrsnX",7,"Other"
"nkfutrrsnX",99,"Unknown"
"nkfutrrsnX",-1,"NIU"
"hbnkmob1X",1,"Yes"
"hbnkmob1X",2,"No"
"hbnkmob1X",99,"Unknown"
"hbnkmob1X",-1,"NIU"
"hbnkmob2X",1,"Yes"
"hbnkmob2X",2,"No"
"hbnkmob2X",99,"Unknown"
"hbnkmob2X",-1,"NIU"
"hbnkmob3X",1,"Yes"
"hbnkmob3X",2,"No"
"hbnkmob3X",99,"Unknown"
"hbnkmob3X",-1,"NIU"
"hbnkmob4X",1,"Yes"
"hbnkmob4X",2,"No"
"hbnkmob4X",99,"Unknown"
"hbnkmob4X",-1,"NIU"
"hbnkmob5X",1,"Yes"
"hbnkmob5X",2,"No"
"hbnkmob5X",99,"Unknown"
"hbnkmob5X",-1,"NIU"
"hbnkmob6X",1,"Yes"
"hbnkmob6X",2,"No"
"hbnkmob6X",99,"Unknown"
"hbnkmob6X",-1,"NIU"
"hbnkmob7X",1,"Yes"
"hbnkmob7X",2,"No"
"hbnkmob7X",99,"Unknown"
"hbnkmob7X",-1,"NIU"
"hbnkmob8X",1,"Yes"
"hbnkmob8X",2,"No"
"hbnkmob8X",99,"Unknown"
"hbnkmob8X",-1,"NIU"
"hbnkmob9X",1,"Yes"
"hbnkmob9X",2,"No"
"hbnkmob9X",99,"Unknown"
"hbnkmob9X",-1,"NIU"
"hbnknewX",1,"Became banked in past 12 months"
"hbnknewX",2,"Banked prior to past 12 months"
"hbnknewX",-1,"NIU"
"hbnknewX",99,"Unknown"
"bnknewrsnX",1,"To put money in a safe place"
"bnknewrsnX",2,"To pay for everyday purchases, write checks, or/and pay bills"
"bnknewrsnX",3,"To be able to apply for a loan or mortgage"
"bnknewrsnX",4,"To save money for the future"
"bnknewrsnX",5,"To receive direct deposit "
"bnknewrsnX",6,"To send money to family or friends"
"bnknewrsnX",7,"Other (specify)"
"bnknewrsnX",-1,"NIU"
"bnknewrsnX",99,"Unknown"
"hbnkppX",1,"Yes"
"hbnkppX",2,"No"
"hbnkppunbX",1,"Yes"
"hbnkppunbX",2,"No"
"hbnkprevX",1,"Once had bank account"
"hbnkprevX",2,"Never had bank account"
"hbnkprevX",-1,"NIU"
"hbnkprevX",99,"Unknown"
"bnkprevlyX",1,"Had bank account within last year"
"bnkprevlyX",2,"Had bank account more than 1 year ago"
"bnkprevlyX",3,"Never had bank account"
"bnkprevlyX",-1,"NIU"
"bnkprevlyX",98,"Previously banked, recency unknown"
"bnkprevlyX",99,"Unknown"
"hbnktypX",1,"Unbanked"
"hbnktypX",2,"Checking and savings"
"hbnktypX",3,"Savings only"
"hbnktypX",4,"Checking only"
"hbnktypX",99,"Banked, account type unknown"
"hbnktypcX",2,"Checking and savings"
"hbnktypcX",3,"Savings only"
"hbnktypcX",4,"Checking only"
"hbnktypcX",-1,"NIU"
"hddacctX",1,"Checking and savings"
"hddacctX",2,"Checking only"
"hddacctX",3,"Savings only"
"hddacctX",4,"Direct deposit account type unknown"
"hddacctX",5,"No direct deposit (banked)"
"hddacctX",-1,"NIU"
"hddacctX",99,"Other/Unknown"
"hdirdepX",1,"Has direct deposit"
"hdirdepX",2,"No direct deposit"
"hdirdepX",-1,"NIU"
"hdirdepX",99,"Unknown"
"hevent1X",1,"Yes"
"hevent1X",2,"No"
"hevent1X",99,"Unknown"
"hevent10X",1,"Yes"
"hevent10X",2,"No"
"hevent10X",99,"Unknown"
"event10bcX",1,"Yes"
"event10bcX",2,"No"
"event10bcX",99,"Unknown"
"event10bcX",-1,"NIU"
"event10boX",1,"Yes"
"event10boX",2,"No"
"event10boX",99,"Unknown"
"event10boX",-1,"NIU"
"hevent11X",1,"Yes"
"hevent11X",2,"No"
"hevent11X",99,"Unknown"
"event11bcX",1,"Yes"
"event11bcX",2,"No"
"event11bcX",99,"Unknown"
"event11bcX",-1,"NIU"
"event11boX",1,"Yes"
"event11boX",2,"No"
"event11boX",99,"Unknown"
"event11boX",-1,"NIU"
"hevent1bcX",1,"Yes"
"hevent1bcX",2,"No"
"hevent1bcX",99,"Unknown"
"hevent1bcX",-1,"NIU"
"hevent1boX",1,"Yes"
"hevent1boX",2,"No"
"hevent1boX",99,"Unknown"
"hevent1boX",-1,"NIU"
"hevent2X",1,"Yes"
"hevent2X",2,"No"
"hevent2X",99,"Unknown"
"hevent2bcX",1,"Yes"
"hevent2bcX",2,"No"
"hevent2bcX",99,"Unknown"
"hevent2bcX",-1,"NIU"
"hevent2boX",1,"Yes"
"hevent2boX",2,"No"
"hevent2boX",99,"Unknown"
"hevent2boX",-1,"NIU"
"hevent3X",1,"Yes"
"hevent3X",2,"No"
"hevent3X",99,"Unknown"
"hevent3bcX",1,"Yes"
"hevent3bcX",2,"No"
"hevent3bcX",99,"Unknown"
"hevent3bcX",-1,"NIU"
"hevent3boX",1,"Yes"
"hevent3boX",2,"No"
"hevent3boX",99,"Unknown"
"hevent3boX",-1,"NIU"
"hevent4X",1,"Yes"
"hevent4X",2,"No"
"hevent4X",99,"Unknown"
"hevent4bcX",1,"Yes"
"hevent4bcX",2,"No"
"hevent4bcX",99,"Unknown"
"hevent4bcX",-1,"NIU"
"hevent4boX",1,"Yes"
"hevent4boX",2,"No"
"hevent4boX",99,"Unknown"
"hevent4boX",-1,"NIU"
"hevent5X",1,"Yes"
"hevent5X",2,"No"
"hevent5X",99,"Unknown"
"hevent5bcX",1,"Yes"
"hevent5bcX",2,"No"
"hevent5bcX",99,"Unknown"
"hevent5bcX",-1,"NIU"
"hevent5boX",1,"Yes"
"hevent5boX",2,"No"
"hevent5boX",99,"Unknown"
"hevent5boX",-1,"NIU"
"hevent6X",1,"Yes"
"hevent6X",2,"No"
"hevent6X",99,"Unknown"
"hevent6bcX",1,"Yes"
"hevent6bcX",2,"No"
"hevent6bcX",99,"Unknown"
"hevent6bcX",-1,"NIU"
"hevent6boX",1,"Yes"
"hevent6boX",2,"No"
"hevent6boX",99,"Unknown"
"hevent6boX",-1,"NIU"
"hevent7X",1,"Yes"
"hevent7X",2,"No"
"hevent7X",99,"Unknown"
"hevent7bcX",1,"Yes"
"hevent7bcX",2,"No"
"hevent7bcX",99,"Unknown"
"hevent7bcX",-1,"NIU"
"hevent7boX",1,"Yes"
"hevent7boX",2,"No"
"hevent7boX",99,"Unknown"
"hevent7boX",-1,"NIU"
"hevent8X",1,"Yes"
"hevent8X",2,"No"
"hevent8X",99,"Unknown"
"hevent8bcX",1,"Yes"
"hevent8bcX",2,"No"
"hevent8bcX",99,"Unknown"
"hevent8bcX",-1,"NIU"
"hevent8boX",1,"Yes"
"hevent8boX",2,"No"
"hevent8boX",99,"Unknown"
"hevent8boX",-1,"NIU"
"hevent9X",1,"Yes"
"hevent9X",2,"No"
"hevent9X",99,"Unknown"
"hevent9bcX",1,"Yes"
"hevent9bcX",2,"No"
"hevent9bcX",99,"Unknown"
"hevent9bcX",-1,"NIU"
"hevent9boX",1,"Yes"
"hevent9boX",2,"No"
"hevent9boX",99,"Unknown"
"hevent9boX",-1,"NIU"
"hhaschkX",1,"Has checking account"
"hhaschkX",2,"Does not have checking account"
"hhaschkX",99,"Unknown"
"hhassavX",1,"Has savings account"
"hhassavX",2,"Does not have savings account"
"hhassavX",99,"Unknown"
"hhfamtypX",1,"Family household "
"hhfamtypX",2,"Nonfamily household"
"hhfamtypX",3,"Other "
"hhincomeX",1,"Less than $15,000"
"hhincomeX",2,"$15,000 to $30,000"
"hhincomeX",3,"$30,000 to $50,000"
"hhincomeX",4,"$50,000 to $75,000"
"hhincomeX",5,"At least $75,000"
"hhincome2X",1,"Less than $15,000"
"hhincome2X",2,"$15,000 to $30,000"
"hhincome2X",3,"$30,000 to $50,000"
"hhincome2X",4,"$50,000 to $75,000"
"hhincome2X",5,"At least $75,000"
"hhincome2X",99,"Missing"
"hhtenureX",1,"Homeowner"
"hhtenureX",2,"Non-homeowner"
"hhtypeX",1,"Married couple"
"hhtypeX",2,"Unmarried female-headed family"
"hhtypeX",3,"Unmarried male-headed family"
"hhtypeX",4,"Female individual"
"hhtypeX",5,"Male individual"
"hhtypeX",6,"Other"
"hintaccX",1,"Has access"
"hintaccX",2,"Does not have access"
"hintaccX",99,"Unknown"
"hmobnkX",1,"Underbanked and used mobile banking"
"hmobnkX",2,"Fully banked and used mobile banking"
"hmobnkX",3,"Underbanked status unknown and used mobile banking"
"hmobnkX",-1,"NIU"
"hmphoneX",1,"Has mobile phone"
"hmphoneX",2,"Does not have mobile phone"
"hmphoneX",99,"Unknown"
"phoneppu1X",1,"Yes"
"phoneppu1X",2,"No"
"phoneppu1X",99,"Unknown"
"phoneppu1X",-1,"NIU"
"phoneppu2X",1,"Yes"
"phoneppu2X",2,"No"
"phoneppu2X",99,"Unknown"
"phoneppu2X",-1,"NIU"
"phoneppu3X",1,"Yes"
"phoneppu3X",2,"No"
"phoneppu3X",99,"Unknown"
"phoneppu3X",-1,"NIU"
"phoneppu4X",1,"Yes"
"phoneppu4X",2,"No"
"phoneppu4X",99,"Unknown"
"phoneppu4X",-1,"NIU"
"phoneppu5X",1,"Yes"
"phoneppu5X",2,"No"
"phoneppu5X",99,"Unknown"
"phoneppu5X",-1,"NIU"
"phoneppu6X",1,"Yes"
"phoneppu6X",2,"No"
"phoneppu6X",99,"Unknown"
"phoneppu6X",-1,"NIU"
"phoneppu7X",1,"Yes"
"phoneppu7X",2,"No"
"phoneppu7X",99,"Unknown"
"phoneppu7X",-1,"NIU"
"phoneppu8X",1,"Yes"
"phoneppu8X",2,"No"
"phoneppu8X",99,"Unknown"
"phoneppu8X",-1,"NIU"
"phoneppu9X",1,"Yes"
"phoneppu9X",2,"No"
"phoneppu9X",99,"Unknown"
"phoneppu9X",-1,"NIU"
"hplaceccX",1,"Large retail or department store"
"hplaceccX",2,"Grocery, liquor, convenience, or drug store"
"hplaceccX",3,"Stand alone nonbank financial services store"
"hplaceccX",-1,"NIU"
"hplaceccX",99,"Unknown location"
"hplacemoX",1,"Post office"
"hplacemoX",2,"Large retail or department store"
"hplacemoX",3,"Grocery, liquor, convenience, or drug store"
"hplacemoX",4,"Stand alone nonbank financial services store"
"hplacemoX",-1,"NIU"
"hplacemoX",99,"Other/Unknown"
"hplaceppX",1,"Large retail or department store"
"hplaceppX",2,"Grocery, liquor, convenience, or drug store"
"hplaceppX",3,"Stand alone nonbank financial services store"
"hplaceppX",4,"A bank branch"
"hplaceppX",5,"Internet/Online"
"hplaceppX",6,"Over the telephone"
"hplaceppX",7,"Provided by someone else"
"hplaceppX",-1,"NIU"
"hplaceppX",99,"Unknown"
"hplacermX",1,"Large retail or department store"
"hplacermX",2,"Grocery, liquor, convenience, or drug store"
"hplacermX",3,"Stand alone nonbank financial services store"
"hplacermX",4,"Mobile phone"
"hplacermX",5,"Online through computer"
"hplacermX",-1,"NIU"
"hplacermX",99,"Other/Unknown"
"hrloadppX",1,"Card was reloaded"
"hrloadppX",2,"Card was not reloaded"
"hrloadppX",-1,"NIU"
"hrloadppX",99,"Unknown"
"rloadppm1X",1,"Yes"
"rloadppm1X",2,"No"
"rloadppm1X",99,"Unknown"
"rloadppm1X",-1,"NIU"
"rloadppm2X",1,"Yes"
"rloadppm2X",2,"No"
"rloadppm2X",99,"Unknown"
"rloadppm2X",-1,"NIU"
"rloadppm3X",1,"Yes"
"rloadppm3X",2,"No"
"rloadppm3X",99,"Unknown"
"rloadppm3X",-1,"NIU"
"rloadppm4X",1,"Yes"
"rloadppm4X",2,"No"
"rloadppm4X",99,"Unknown"
"rloadppm4X",-1,"NIU"
"rloadppm5X",1,"Yes"
"rloadppm5X",2,"No"
"rloadppm5X",99,"Unknown"
"rloadppm5X",-1,"NIU"
"rloadppm6X",1,"Yes"
"rloadppm6X",2,"No"
"rloadppm6X",99,"Unknown"
"rloadppm6X",-1,"NIU"
"rloadppm7X",1,"Yes"
"rloadppm7X",2,"No"
"rloadppm7X",99,"Unknown"
"rloadppm7X",-1,"NIU"
"rloadppm8X",1,"Yes"
"rloadppm8X",2,"No"
"rloadppm8X",99,"Unknown"
"rloadppm8X",-1,"NIU"
"hsmphoneX",1,"Smartphone"
"hsmphoneX",2,"Non-smartphone"
"hsmphoneX",3,"No mobile phone"
"hsmphoneX",99,"Unknown"
"hsuprespX",0,"Nonrespondent"
"hsuprespX",1,"Respondent"
"hunbnkX",1,"Unbanked"
"hunbnkX",2,"Has bank account"
"hunbnkppX",1,"Yes"
"hunbnkppX",2,"No"
"hunbnkr1X",1,"Yes"
"hunbnkr1X",2,"No"
"hunbnkr1X",99,"Unknown"
"hunbnkr1X",-1,"NIU"
"hunbnkr2X",1,"Yes"
"hunbnkr2X",2,"No"
"hunbnkr2X",99,"Unknown"
"hunbnkr2X",-1,"NIU"
"hunbnkr3X",1,"Yes"
"hunbnkr3X",2,"No"
"hunbnkr3X",99,"Unknown"
"hunbnkr3X",-1,"NIU"
"hunbnkr4X",1,"Yes"
"hunbnkr4X",2,"No"
"hunbnkr4X",99,"Unknown"
"hunbnkr4X",-1,"NIU"
"hunbnkr5X",1,"Yes"
"hunbnkr5X",2,"No"
"hunbnkr5X",99,"Unknown"
"hunbnkr5X",-1,"NIU"
"hunbnkr6X",1,"Yes"
"hunbnkr6X",2,"No"
"hunbnkr6X",99,"Unknown"
"hunbnkr6X",-1,"NIU"
"hunbnkr7X",1,"Yes"
"hunbnkr7X",2,"No"
"hunbnkr7X",99,"Unknown"
"hunbnkr7X",-1,"NIU"
"hunbnkr8X",1,"Yes"
"hunbnkr8X",2,"No"
"hunbnkr8X",99,"Unknown"
"hunbnkr8X",-1,"NIU"
"hunbnkrmX",1,"Previously had an account but the bank closed it"
"hunbnkrmX",2,"ID, credit, or banking history problems"
"hunbnkrmX",3,"Banks do not have convenient hours or locations"
"hunbnkrmX",4,"Bank account fees or minimum balance requirements are too high"
"hunbnkrmX",5,"Banks do not offer the needed products or services"
"hunbnkrmX",6,"Do not like dealing with and/or do not trust banks"
"hunbnkrmX",7,"Do not have enough money"
"hunbnkrmX",8,"Do not know how to open or manage an account"
"hunbnkrmX",9,"Do not need or want an account"
"hunbnkrmX",10,"Other/None of the above"
"hunbnkrmX",99,"Unknown"
"hunbnkrmX",-1,"NIU"
"unbnkrmv2X",1,"Inconvenient hours or locations"
"unbnkrmv2X",2,"Account fees too high or unpredictable"
"unbnkrmv2X",3,"Banks do not offer needed products or services"
"unbnkrmv2X",4,"Do not like dealing with or do not trust banks"
"unbnkrmv2X",5,"Do not have enough money to keep in account or meet minimum balance"
"unbnkrmv2X",6,"Not using bank provides more privacy"
"unbnkrmv2X",7,"ID, credit, or banking history problems"
"unbnkrmv2X",8,"Other reason"
"unbnkrmv2X",99,"Unknown reason"
"unbnkrmv2X",-1,"NIU"
"huse1afsX",1,"Has used"
"huse1afsX",2,"Has not used"
"huse1afsX",99,"Unknown"
"huse1afscX",1,"Has used"
"huse1afscX",2,"Has not used"
"huse1afscX",99,"Unknown"
"se1afscv2X",1,"Has used"
"se1afscv2X",2,"Has not used"
"se1afscv2X",99,"Unknown"
"huse1afstX",1,"Has used"
"huse1afstX",2,"Has not used"
"huse1afstX",99,"Unknown"
"se1afstv2X",1,"Has used"
"se1afstv2X",2,"Has not used"
"se1afstv2X",99,"Unknown"
"use1afsv2X",1,"Has used"
"use1afsv2X",2,"Has not used"
"use1afsv2X",99,"Unknown"
"use1afsv3X",1,"Has used"
"use1afsv3X",2,"Has not used"
"use1afsv3X",99,"Unknown"
"huse1atlX",1,"Has ever used"
"huse1atlX",2,"Has never used"
"huse1atlX",99,"Unknown"
"huse1ccX",1,"Has ever used"
"huse1ccX",2,"Has never used"
"huse1ccX",99,"Unknown"
"huse1moX",1,"Has ever used"
"huse1moX",2,"Has never used"
"huse1moX",99,"Unknown"
"huse1pdlX",1,"Has ever used"
"huse1pdlX",2,"Has never used"
"huse1pdlX",99,"Unknown"
"huse1ppX",1,"Has ever used"
"huse1ppX",2,"Has never used"
"huse1ppX",99,"Unknown"
"huse1pwnX",1,"Has ever used"
"huse1pwnX",2,"Has never used"
"huse1pwnX",99,"Unknown"
"huse1ralX",1,"Has ever used"
"huse1ralX",2,"Has never used"
"huse1ralX",99,"Unknown"
"huse1rmX",1,"Has ever used"
"huse1rmX",2,"Has never used"
"huse1rmX",99,"Unknown"
"huse1rtoX",1,"Has ever used"
"huse1rtoX",2,"Has never used"
"huse1rtoX",99,"Unknown"
"huse2afscX",1,"Has used"
"huse2afscX",2,"Has not used"
"huse2afscX",99,"Unknown"
"se2afscv2X",1,"Has used"
"se2afscv2X",2,"Has not used"
"se2afscv2X",99,"Unknown"
"se2afsnbrX",0,"Used 0 AFS"
"se2afsnbrX",1,"Used 1 AFS"
"se2afsnbrX",2,"Used 2 AFS"
"se2afsnbrX",3,"Used 3 or more AFS"
"se2afsnbrX",99,"Unknown"
"afsnbrv2X",0,"Used 0 AFS"
"afsnbrv2X",1,"Used 1 AFS"
"afsnbrv2X",2,"Used 2 AFS"
"afsnbrv2X",3,"Used 3 or more AFS"
"afsnbrv2X",99,"Unknown"
"se2afstv1X",1,"Has used"
"se2afstv1X",2,"Has not used"
"se2afstv1X",99,"Unknown"
"se2afstv2X",1,"Has used"
"se2afstv2X",2,"Has not used"
"se2afstv2X",99,"Unknown"
"afstypev2X",1,"Used only transaction AFS"
"afstypev2X",2,"Used transaction and credit AFS"
"afstypev2X",3,"Used only credit AFS "
"afstypev2X",4,"Did not use any AFS in past 12 months"
"afstypev2X",98,"AFS used, type unknown"
"afstypev2X",99,"Use unknown"
"e2afstypeX",1,"Used only transaction AFS"
"e2afstypeX",2,"Used transaction and credit AFS"
"e2afstypeX",3,"Used only credit AFS "
"e2afstypeX",4,"Did not use any AFS in past 12 months"
"e2afstypeX",98,"AFS used, type unknown"
"e2afstypeX",99,"Use unknown"
"use2afsv2X",1,"Has used"
"use2afsv2X",2,"Has not used"
"use2afsv2X",99,"Unknown"
"use2afsv3X",1,"Has used"
"use2afsv3X",2,"Has not used"
"use2afsv3X",99,"Unknown"
"huse2atlX",1,"Used in past 12 months"
"huse2atlX",2,"Used but not in past 12 months"
"huse2atlX",3,"Never used"
"huse2atlX",99,"Unknown"
"huse2ccX",1,"Used in past 12 months"
"huse2ccX",2,"Used but not in past 12 months"
"huse2ccX",3,"Never used"
"huse2ccX",99,"Unknown"
"huse2moX",1,"Used in past 12 months"
"huse2moX",2,"Used but not in past 12 months"
"huse2moX",3,"Never used"
"huse2moX",99,"Unknown"
"huse2pdlX",1,"Used in past 12 months"
"huse2pdlX",2,"Used but not in past 12 months"
"huse2pdlX",3,"Never used"
"huse2pdlX",99,"Unknown"
"huse2ppX",1,"Used in past 12 months"
"huse2ppX",2,"Used but not in past 12 months"
"huse2ppX",3,"Never used"
"huse2ppX",99,"Unknown"
"huse2pwnX",1,"Used in past 12 months"
"huse2pwnX",2,"Used but not in past 12 months"
"huse2pwnX",3,"Never used"
"huse2pwnX",99,"Unknown"
"huse2ralX",1,"Used in past 12 months"
"huse2ralX",2,"Used but not in past 12 months"
"huse2ralX",3,"Never used"
"huse2ralX",99,"Unknown"
"huse2rmX",1,"Used in past 12 months"
"huse2rmX",2,"Used but not in past 12 months"
"huse2rmX",3,"Never used"
"huse2rmX",99,"Unknown"
"huse2rtoX",1,"Used in past 12 months"
"huse2rtoX",2,"Used but not in past 12 months"
"huse2rtoX",3,"Never used"
"huse2rtoX",99,"Unknown"
"huse3afscX",1,"Has used"
"huse3afscX",2,"Has not used"
"huse3afscX",99,"Unknown"
"se3afscv2X",1,"Has used"
"se3afscv2X",2,"Has not used"
"se3afscv2X",99,"Unknown"
"se3afstv2X",1,"Has used"
"se3afstv2X",2,"Has not used"
"se3afstv2X",99,"Unknown"
"use3afsv2X",1,"Has used"
"use3afsv2X",2,"Has not used"
"use3afsv2X",99,"Unknown"
"use3afsv3X",1,"Has used"
"use3afsv3X",2,"Has not used"
"use3afsv3X",99,"Unknown"
"huse3atlX",1,"Used in past 30 days"
"huse3atlX",2,"Used but not in past 30 days"
"huse3atlX",3,"Never used"
"huse3atlX",99,"Unknown"
"huse3ccX",1,"Used in past 30 days"
"huse3ccX",2,"Used but not in past 30 days"
"huse3ccX",3,"Never used"
"huse3ccX",99,"Unknown"
"huse3moX",1,"Used in past 30 days"
"huse3moX",2,"Used but not in past 30 days"
"huse3moX",3,"Never used"
"huse3moX",99,"Unknown"
"huse3mopoX",1,"Yes"
"huse3mopoX",2,"No"
"huse3mopoX",99,"Unknown"
"huse3mopoX",-1,"NIU"
"huse3pdlX",1,"Used in past 30 days"
"huse3pdlX",2,"Used but not in past 30 days"
"huse3pdlX",3,"Never used"
"huse3pdlX",99,"Unknown"
"huse3ppX",1,"Used in past 30 days"
"huse3ppX",2,"Used but not in past 30 days"
"huse3ppX",3,"Never used"
"huse3ppX",99,"Unknown"
"huse3pwnX",1,"Used in past 30 days"
"huse3pwnX",2,"Used but not in past 30 days"
"huse3pwnX",3,"Never used"
"huse3pwnX",99,"Unknown"
"huse3rmX",1,"Used in past 30 days"
"huse3rmX",2,"Used but not in past 30 days"
"huse3rmX",3,"Never used"
"huse3rmX",99,"Unknown"
"huse3rtoX",1,"Used in past 30 days"
"huse3rtoX",2,"Used but not in past 30 days"
"huse3rtoX",3,"Never used"
"huse3rtoX",99,"Unknown"
"seafscrsnX",1,"To make up for lost income"
"seafscrsnX",2,"For basic living expenses"
"seafscrsnX",3,"For house repairs or to buy an appliance"
"seafscrsnX",4,"For medical expenses"
"seafscrsnX",5,"For car repairs"
"seafscrsnX",6,"For school or childcare expenses"
"seafscrsnX",7,"For special gifts or luxuries"
"seafscrsnX",8,"Other"
"seafscrsnX",99,"Unknown"
"seafscrsnX",-1,"NIU"
"afscrsnv2X",1,"To make up for job loss or decrease in income"
"afscrsnv2X",2,"For basic living expenses"
"afscrsnv2X",3,"For house or car repairs or to buy an appliance"
"afscrsnv2X",4,"For medical, dental or death expenses"
"afscrsnv2X",5,"For school or childcare expenses"
"afscrsnv2X",6,"For special gifts or luxuries"
"afscrsnv2X",7,"For legal expenses"
"afscrsnv2X",8,"Other"
"afscrsnv2X",99,"Unknown"
"afscrsnv2X",-1,"NIU"
"huseatlX",1,"Used: In past 30 days"
"huseatlX",2,"Used: Not in past 30 days but in past 12 months"
"huseatlX",3,"Used: Not in past 12 months"
"huseatlX",4,"Never used"
"huseatlX",99,"Use unknown"
"huseccX",1,"Used: In past 30 days"
"huseccX",2,"Used: Not in past 30 days but in past 12 months"
"huseccX",3,"Used: Not in past 12 months"
"huseccX",4,"Never used"
"huseccX",99,"Use unknown"
"huseccrsnX",1,"Do not have a bank account"
"huseccrsnX",2,"To get money faster"
"huseccrsnX",3,"The place is more convenient"
"huseccrsnX",4,"A bank charges more to cash checks"
"huseccrsnX",5,"The place to cash checks asks for fewer IDs"
"huseccrsnX",6,"Feel more comfortable than at a bank"
"huseccrsnX",7,"Other"
"huseccrsnX",99,"Unknown"
"huseccrsnX",-1,"NIU"
"seccrsnv2X",1,"Banks do not cash checks"
"seccrsnv2X",2,"To get money faster"
"seccrsnv2X",3,"The place to cash checks has more convenient hours or location"
"seccrsnv2X",4,"A bank charges more to cash checks"
"seccrsnv2X",5,"The place to cash checks asks for fewer IDs"
"seccrsnv2X",6,"The place to cash checks feels more comfortable than a bank"
"seccrsnv2X",7,"Do not have a bank account"
"seccrsnv2X",8,"Do not trust banks"
"seccrsnv2X",9,"Other"
"seccrsnv2X",99,"Unknown"
"seccrsnv2X",-1,"NIU"
"husemoX",1,"Used: In past 30 days"
"husemoX",2,"Used: Not in past 30 days but in past 12 months"
"husemoX",3,"Used: Not in past 12 months"
"husemoX",4,"Never used"
"husemoX",99,"Use unknown"
"husemorsnX",1,"Banks do not sell money orders"
"husemorsnX",2,"The place to purchase money orders is more convenient than a bank"
"husemorsnX",3,"Banks charge more for money orders"
"husemorsnX",4,"The place feels more comfortable than a bank"
"husemorsnX",5,"Other"
"husemorsnX",99,"Unknown"
"husemorsnX",-1,"NIU"
"semorsnv2X",1,"Banks do not sell money orders"
"semorsnv2X",2,"The place to purchase money orders has more convenient hours or location"
"semorsnv2X",3,"A bank charges more for money orders"
"semorsnv2X",4,"The place to purchase money orders feels more comfortable than a bank"
"semorsnv2X",5,"Do not have a bank account"
"semorsnv2X",6,"Do not trust banks"
"semorsnv2X",7,"Other"
"semorsnv2X",99,"Unknown"
"semorsnv2X",-1,"NIU"
"husepdlX",1,"Used: In past 30 days"
"husepdlX",2,"Used: Not in past 30 days but in past 12 months"
"husepdlX",3,"Used: Not in past 12 months"
"husepdlX",4,"Never used"
"husepdlX",99,"Use unknown"
"husepdlolX",1,"Has taken out online payday loan"
"husepdlolX",2,"Has not taken out online payday loan"
"husepdlolX",-1,"NIU"
"husepdlolX",99,"Unknown"
"usepdlrsnX",1,"The payday loan service is more convenient"
"usepdlrsnX",2,"It is easier to get a payday loan than to qualify for a bank loan"
"usepdlrsnX",3,"A payday loan service feels more comfortable than using a bank"
"usepdlrsnX",4,"Do not qualify for a bank loan"
"usepdlrsnX",5,"Other"
"usepdlrsnX",99,"Unknown"
"usepdlrsnX",-1,"NIU"
"epdlrsnv2X",1,"Banks do not make small dollar loans"
"epdlrsnv2X",2,"The place to get payday loans has more convenient hours or location"
"epdlrsnv2X",3,"It is easier or faster to get a payday loan than to qualify for a bank loan"
"epdlrsnv2X",4,"The place to get payday loans feels more comfortable than a bank"
"epdlrsnv2X",5,"Do not qualify for a bank loan"
"epdlrsnv2X",6,"Do not trust banks"
"epdlrsnv2X",7,"Other"
"epdlrsnv2X",99,"Unknown"
"epdlrsnv2X",-1,"NIU"
"huseppX",1,"Used: In past 30 days"
"huseppX",2,"Used: Not in past 30 days but in past 12 months"
"huseppX",3,"Used: Not in past 12 months"
"huseppX",4,"Never used"
"huseppX",99,"Use unknown"
"huseppr1X",1,"Yes"
"huseppr1X",2,"No"
"huseppr1X",99,"Unknown"
"huseppr1X",-1,"NIU"
"huseppr2X",1,"Yes"
"huseppr2X",2,"No"
"huseppr2X",99,"Unknown"
"huseppr2X",-1,"NIU"
"huseppr3X",1,"Yes"
"huseppr3X",2,"No"
"huseppr3X",99,"Unknown"
"huseppr3X",-1,"NIU"
"huseppr4X",1,"Yes"
"huseppr4X",2,"No"
"huseppr4X",99,"Unknown"
"huseppr4X",-1,"NIU"
"huseppr5X",1,"Yes"
"huseppr5X",2,"No"
"huseppr5X",99,"Unknown"
"huseppr5X",-1,"NIU"
"huseppr6X",1,"Yes"
"huseppr6X",2,"No"
"huseppr6X",99,"Unknown"
"huseppr6X",-1,"NIU"
"huseppr7X",1,"Yes"
"huseppr7X",2,"No"
"huseppr7X",99,"Unknown"
"huseppr7X",-1,"NIU"
"husepprmX",1,"To put money in a safe place"
"husepprmX",2,"To pay for everyday purchases or pay bills"
"husepprmX",3,"To save money for the future"
"husepprmX",4,"To receive payments"
"husepprmX",5,"To send or give money"
"husepprmX",6,"To control spending"
"husepprmX",7,"Other"
"husepprmX",99,"Unknown"
"husepprmX",-1,"NIU"
"husepwnX",1,"Used: In past 30 days"
"husepwnX",2,"Used: Not in past 30 days but in past 12 months"
"husepwnX",3,"Used: Not in past 12 months"
"husepwnX",4,"Never used"
"husepwnX",99,"Use unknown"
"usepwnrsnX",1,"Banks do not have small loans"
"usepwnrsnX",2,"The pawn shop service is more convenient"
"usepwnrsnX",3,"It is easier to get money from a pawn shop than to qualify for a bank loan"
"usepwnrsnX",4,"More comfortable at a pawn shop than at a bank"
"usepwnrsnX",5,"Do not qualify for a bank loan"
"usepwnrsnX",6,"Other"
"usepwnrsnX",99,"Unknown"
"usepwnrsnX",-1,"NIU"
"epwnrsnv2X",1,"Banks do not make small dollar loans"
"epwnrsnv2X",2,"The pawn shop has more convenient hours or location"
"epwnrsnv2X",3,"It is easier and faster to get money from a pawn shop than to qualify for a bank loan"
"epwnrsnv2X",4,"The pawn shop feels more comfortable than a bank"
"epwnrsnv2X",5,"Do not qualify for a bank loan"
"epwnrsnv2X",6,"Do not trust banks"
"epwnrsnv2X",7,"Other"
"epwnrsnv2X",99,"Unknown"
"epwnrsnv2X",-1,"NIU"
"huseralX",1,"Used: In past 30 days"
"huseralX",2,"Used: Not in past 30 days but in past 12 months"
"huseralX",3,"Used: Not in past 12 months"
"huseralX",4,"Never used"
"huseralX",99,"Use unknown"
"husermX",1,"Used: In past 30 days"
"husermX",2,"Used: Not in past 30 days but in past 12 months"
"husermX",3,"Used: Not in past 12 months"
"husermX",4,"Never used"
"husermX",99,"Use unknown"
"sermrsnv2X",1,"Banks do not send money abroad"
"sermrsnv2X",2,"The money gets there faster"
"sermrsnv2X",3,"The place to give or send money has more convenient hours or location"
"sermrsnv2X",4,"A bank charges more to send money abroad"
"sermrsnv2X",5,"The place to give or send money feels more comfortable than a bank"
"sermrsnv2X",6,"Do not have a bank account"
"sermrsnv2X",7,"Do not trust banks"
"sermrsnv2X",8,"Other"
"sermrsnv2X",99,"Unknown"
"sermrsnv2X",-1,"NIU"
"husertoX",1,"Used: In past 30 days"
"husertoX",2,"Used: Not in past 30 days but in past 12 months"
"husertoX",3,"Used: Not in past 12 months"
"husertoX",4,"Never used"
"husertoX",99,"Use unknown"
"husespyrlX",1,"Receives payment on payroll card"
"husespyrlX",2,"Does not receive payment on payroll card"
"husespyrlX",99,"Unknown"
"huspnishX",0,"Spanish is not only language spoken"
"huspnishX",1,"Spanish is only language spoken"
"pagegrpX",1,"15 to 24 years"
"pagegrpX",2,"25 to 34 years"
"pagegrpX",3,"35 to 44 years"
"pagegrpX",4,"45 to 54 years"
"pagegrpX",5,"55 to 64 years"
"pagegrpX",6,"65 years or more"
"age25to64X",1,"Disabled, age 25 to 64"
"age25to64X",2,"Not disabled, age 25 to 64"
"age25to64X",99,"Not applicable (not age 25 to 64)"
"peducgrpX",1,"No high school diploma"
"peducgrpX",2,"High school diploma"
"peducgrpX",3,"Some college"
"peducgrpX",4,"College degree"
"pempstatX",1,"Employed"
"pempstatX",2,"Unemployed"
"pempstatX",3,"Not in labor force"
"pnativX",1,"U.S.-born"
"pnativX",2,"Foreign-born citizen"
"pnativX",3,"Foreign-born non-citizen"
"pnativ2X",1,"Native (born in U.S., in U.S. territory, or abroad of U.S. parent)"
"pnativ2X",2,"Foreign-born citizen or non-citizen"
"praceethX",1,"Black"
"praceethX",2,"Hispanic"
"praceethX",3,"Asian"
"praceethX",4,"American Indian/Alaskan"
"praceethX",5,"Hawaiian/Pacific Islander"
"praceethX",6,"White"
"praceethX",7,"Other"
"praceeth2X",1,"Black"
"praceeth2X",2,"Hispanic"
"praceeth2X",3,"Asian"
"praceeth2X",4,"White"
"praceeth2X",5,"Other"
"hbnktransX",1,"Longer term unbanked"
"hbnktransX",2,"Recently unbanked"
"hbnktransX",3,"Recently banked"
"hbnktransX",4,"Longer term banked"
"hbnktransX",-1,"NIU"
"nktransv2X",1,"Longer term unbanked"
"nktransv2X",2,"Recently unbanked"
"nktransv2X",3,"Recently banked"
"nktransv2X",4,"Longer term banked"
"nktransv2X",-1,"NIU"
"hafsunbnkX",1,"Unbanked and used AFS in past 12 months"
"hafsunbnkX",2,"Underbanked (banked and used AFS in past 12 months)"
"hafsunbnkX",-1,"NIU"
"ranchstatX",1,"Bank teller only"
"ranchstatX",2,"Bank teller and other methods used"
"ranchstatX",3,"No bank teller but other methods used"
"ranchstatX",-1,"NIU"
"hlivwfamX",1,"Yes"
"hlivwfamX",0,"No"
"ivwnonfamX",1,"Yes"
"ivwnonfamX",0,"No"
"wfam_millX",1,"Yes"
"wfam_millX",0,"No"
"nfam_millX",1,"Yes"
"nfam_millX",0,"No"
"pgenX",1,"Silent or earlier generation"
"pgenX",2,"Boomer"
"pgenX",3,"GenX"
"pgenX",4,"Millennial"
"pgenX",5,"Post-millennial"
"unbnkr1v3X",1,"Yes"
"unbnkr1v3X",2,"No"
"unbnkr1v3X",99,"Unknown"
"unbnkr1v3X",-1,"NIU"
"unbnkr2v3X",1,"Yes"
"unbnkr2v3X",2,"No"
"unbnkr2v3X",99,"Unknown"
"unbnkr2v3X",-1,"NIU"
"unbnkr3v3X",1,"Yes"
"unbnkr3v3X",2,"No"
"unbnkr3v3X",99,"Unknown"
"unbnkr3v3X",-1,"NIU"
"unbnkr4v3X",1,"Yes"
"unbnkr4v3X",2,"No"
"unbnkr4v3X",99,"Unknown"
"unbnkr4v3X",-1,"NIU"
"unbnkr5v3X",1,"Yes"
"unbnkr5v3X",2,"No"
"unbnkr5v3X",99,"Unknown"
"unbnkr5v3X",-1,"NIU"
"unbnkr6v3X",1,"Yes"
"unbnkr6v3X",2,"No"
"unbnkr6v3X",99,"Unknown"
"unbnkr6v3X",-1,"NIU"
"unbnkr7v3X",1,"Yes"
"unbnkr7v3X",2,"No"
"unbnkr7v3X",99,"Unknown"
"unbnkr7v3X",-1,"NIU"
"unbnkr8v3X",1,"Yes"
"unbnkr8v3X",2,"No"
"unbnkr8v3X",99,"Unknown"
"unbnkr8v3X",-1,"NIU"
"unbnkr9v3X",1,"Yes"
"unbnkr9v3X",2,"No"
"unbnkr9v3X",99,"Unknown"
"unbnkr9v3X",-1,"NIU"
"nbnkr10v3X",1,"Yes"
"nbnkr10v3X",2,"No"
"nbnkr10v3X",99,"Unknown"
"nbnkr10v3X",-1,"NIU"
"unbnkrmv3X",1,"Inconvenient hours"
"unbnkrmv3X",2,"Inconvenient locations"
"unbnkrmv3X",3,"Account fees too high"
"unbnkrmv3X",4,"Account fees unpredictable"
"unbnkrmv3X",5,"Banks do not offer needed products or services"
"unbnkrmv3X",6,"Do not trust banks"
"unbnkrmv3X",7,"Do not have enough money to keep in account"
"unbnkrmv3X",8,"Avoiding bank gives more privacy"
"unbnkrmv3X",9,"ID, credit, or former bank account problems"
"unbnkrmv3X",10,"Other reason"
"unbnkrmv3X",99,"Unknown "
"unbnkrmv3X",-1,"NIU"
"bnkintsrvX",1,"Very interested"
"bnkintsrvX",2,"Somewhat interested"
"bnkintsrvX",3,"Not at all interested"
"bnkintsrvX",98,"Unknown: Do not know/Refused"
"bnkintsrvX",99,"Unknown: Dropped out"
"huse12ppX",1,"Yes"
"huse12ppX",2,"No"
"huse12ppX",99,"Unknown"
"hppwhere1X",1,"Yes"
"hppwhere1X",2,"No"
"hppwhere1X",99,"Unknown"
"hppwhere1X",-1,"NIU"
"hppwhere2X",1,"Yes"
"hppwhere2X",2,"No"
"hppwhere2X",99,"Unknown"
"hppwhere2X",-1,"NIU"
"hppwhere3X",1,"Yes"
"hppwhere3X",2,"No"
"hppwhere3X",99,"Unknown"
"hppwhere3X",-1,"NIU"
"hppwhere4X",1,"Yes"
"hppwhere4X",2,"No"
"hppwhere4X",99,"Unknown"
"hppwhere4X",-1,"NIU"
"hppwhere5X",1,"Yes"
"hppwhere5X",2,"No"
"hppwhere5X",99,"Unknown"
"hppwhere5X",-1,"NIU"
"hppwhere6X",1,"Yes"
"hppwhere6X",2,"No"
"hppwhere6X",99,"Unknown"
"hppwhere6X",-1,"NIU"
"ppwhere99X",1,"Yes"
"ppwhere99X",2,"No"
"ppwhere99X",-1,"NIU"
"ppgovrsn1X",1,"Yes"
"ppgovrsn1X",2,"No"
"ppgovrsn1X",99,"Unknown"
"ppgovrsn1X",-1,"NIU"
"ppgovrsn2X",1,"Yes"
"ppgovrsn2X",2,"No"
"ppgovrsn2X",99,"Unknown"
"ppgovrsn2X",-1,"NIU"
"ppgovrsn3X",1,"Yes"
"ppgovrsn3X",2,"No"
"ppgovrsn3X",99,"Unknown"
"ppgovrsn3X",-1,"NIU"
"ppgovrsn4X",1,"Yes"
"ppgovrsn4X",2,"No"
"ppgovrsn4X",99,"Unknown"
"ppgovrsn4X",-1,"NIU"
"huse12ccX",1,"Yes"
"huse12ccX",2,"No"
"huse12ccX",99,"Unknown"
"huse12moX",1,"Yes"
"huse12moX",2,"No"
"huse12moX",99,"Unknown"
"huse12pdlX",1,"Yes"
"huse12pdlX",2,"No"
"huse12pdlX",99,"Unknown"
"huse12pwnX",1,"Yes"
"huse12pwnX",2,"No"
"huse12pwnX",99,"Unknown"
"huse12ralX",1,"Yes"
"huse12ralX",2,"No"
"huse12ralX",99,"Unknown"
"huse12rtoX",1,"Yes"
"huse12rtoX",2,"No"
"huse12rtoX",99,"Unknown"
"huse12atlX",1,"Yes"
"huse12atlX",2,"No"
"huse12atlX",99,"Unknown"
"se12rmanyX",1,"Yes"
"se12rmanyX",2,"No"
"se12rmanyX",99,"Unknown"
"se12rmbnkX",1,"Yes"
"se12rmbnkX",2,"No"
"se12rmbnkX",99,"Unknown"
"htyprmbnkX",1,"Yes"
"htyprmbnkX",2,"No"
"htyprmbnkX",99,"Unknown"
"huse12rmX",1,"Yes"
"huse12rmX",2,"No"
"huse12rmX",99,"Unknown"
"typrmnbnkX",1,"Yes"
"typrmnbnkX",2,"No"
"typrmnbnkX",99,"Unknown"
"e12rmtypeX",1,"Used nonbank (and not bank)"
"e12rmtypeX",2,"Used nonbank and bank"
"e12rmtypeX",3,"Used bank (and not nonbank)"
"e12rmtypeX",4,"Sent, place unknown"
"e12rmtypeX",5,"Did not send"
"e12rmtypeX",6,"Unknown"
"typrmtypeX",1,"Nonbank only"
"typrmtypeX",2,"Nonbank and bank"
"typrmtypeX",3,"Bank only"
"typrmtypeX",4,"Sent in past 12 months but not in typical month"
"typrmtypeX",5,"Did not send in past 12 months"
"typrmtypeX",6,"Unknown"
"pincchkmoX",1,"Yes"
"pincchkmoX",2,"No"
"pincchkmoX",-1,"NIU"
"pincddbnkX",1,"Yes"
"pincddbnkX",2,"No"
"pincddbnkX",-1,"NIU"
"ypincddppX",1,"Yes"
"ypincddppX",2,"No"
"ypincddppX",98,"Missing"
"ypincddppX",-1,"NIU"
"ypinccashX",1,"Yes"
"ypinccashX",2,"No"
"ypinccashX",-1,"NIU"
"typincothX",1,"Yes"
"typincothX",2,"No"
"typincothX",98,"Missing"
"typincothX",-1,"NIU"
"htypincccX",1,"Yes"
"htypincccX",2,"No"
"htypincccX",-1,"NIU"
"ypincnoneX",1,"Yes"
"ypincnoneX",2,"No"
"ypincnoneX",-1,"NIU"
"ypincbnkaX",1,"Yes"
"ypincbnkaX",2,"No"
"ypincbnkaX",-1,"NIU"
"ypincbnkoX",1,"Yes"
"ypincbnkoX",2,"No"
"ypincbnkoX",-1,"NIU"
"yppaycashX",1,"Yes"
"yppaycashX",2,"No"
"yppaycashX",-1,"NIU"
"paybnkchkX",1,"Yes"
"paybnkchkX",2,"No"
"paybnkchkX",-1,"NIU"
"ppaybnkdcX",1,"Yes"
"ppaybnkdcX",2,"No"
"ppaybnkdcX",-1,"NIU"
"htyppayccX",1,"Yes"
"htyppayccX",2,"No"
"htyppayccX",-1,"NIU"
"htyppayppX",1,"Yes"
"htyppayppX",2,"No"
"htyppayppX",-1,"NIU"
"ppaybnkbpX",1,"Yes"
"ppaybnkbpX",2,"No"
"ppaybnkbpX",-1,"NIU"
"paynbnkmoX",1,"Yes"
"paynbnkmoX",2,"No"
"paynbnkmoX",-1,"NIU"
"ppaybnkmoX",1,"Yes"
"ppaybnkmoX",2,"No"
"ppaybnkmoX",-1,"NIU"
"typpayothX",1,"Yes"
"typpayothX",2,"No"
"typpayothX",-1,"NIU"
"htyppaymX",1,"Cash"
"htyppaymX",2,"Personal check"
"htyppaymX",3,"Debit card"
"htyppaymX",4,"Credit card"
"htyppaymX",5,"Prepaid card"
"htyppaymX",6,"Electronic payment from bank account"
"htyppaymX",7,"Nonbank money order"
"htyppaymX",8,"Bank money order or cashiers check"
"htyppaymX",9,"Other"
"htyppaymX",99,"Unknown"
"htyppaymX",-1,"NIU"
"yppaynoneX",1,"Yes"
"yppaynoneX",2,"No"
"yppaynoneX",-1,"NIU"
"yppaybnkaX",1,"Yes"
"yppaybnkaX",2,"No"
"yppaybnkaX",-1,"NIU"
"yppaybnkoX",1,"Yes"
"yppaybnkoX",2,"No"
"yppaybnkoX",-1,"NIU"
"htypbnkoX",1,"Yes"
"htypbnkoX",2,"No"
"htypbnkoX",-1,"NIU"
"pbnkoafscX",1,"Used only banks, no AFS credit"
"pbnkoafscX",2,"Used only banks, used AFS credit"
"pbnkoafscX",3,"Did not use only banks, no AFS credit"
"pbnkoafscX",4,"Did not use only banks, used AFS credit"
"pbnkoafscX",-1,"NIU"
"hcred12ccX",1,"Yes"
"hcred12ccX",2,"No"
"hcred12ccX",-1,"NIU"
"cred12bnkX",1,"Yes"
"cred12bnkX",2,"No"
"cred12bnkX",-1,"NIU"
"ed12bnkv2X",1,"Yes"
"ed12bnkv2X",2,"No"
"ed12bnkv2X",-1,"NIU"
"ccorbnkX",1,"Yes"
"ccorbnkX",2,"No"
"ccorbnkX",-1,"NIU"
"d12newappX",1,"Yes"
"d12newappX",2,"No"
"d12newappX",-1,"NIU"
"d12deniedX",1,"Yes"
"d12deniedX",2,"No"
"d12deniedX",-1,"NIU"
"deniedcX",1,"Yes"
"deniedcX",2,"No"
"deniedcX",-1,"NIU"
"discourX",1,"Yes"
"discourX",2,"No"
"discourX",-1,"NIU"
"red12grpsX",1,"Bank credit only"
"red12grpsX",2,"Bank and nonbank credit"
"red12grpsX",3,"Nonbank credit only"
"red12grpsX",4,"No credit"
"red12grpsX",-1,"NIU"
"hsav12X",1,"Yes"
"hsav12X",2,"No"
"hsav12X",-1,"NIU"
"sav12typ1X",1,"Yes"
"sav12typ1X",2,"No"
"sav12typ1X",99,"Unknown"
"sav12typ1X",-1,"NIU"
"sav12typ2X",1,"Yes"
"sav12typ2X",2,"No"
"sav12typ2X",99,"Unknown"
"sav12typ2X",-1,"NIU"
"sav12typ3X",1,"Yes"
"sav12typ3X",2,"No"
"sav12typ3X",99,"Unknown"
"sav12typ3X",-1,"NIU"
"sav12typ4X",1,"Yes"
"sav12typ4X",2,"No"
"sav12typ4X",99,"Unknown"
"sav12typ4X",-1,"NIU"
"sav12typ5X",1,"Yes"
"sav12typ5X",2,"No"
"sav12typ5X",99,"Unknown"
"sav12typ5X",-1,"NIU"
"sav12typ6X",1,"Yes"
"sav12typ6X",2,"No"
"sav12typ6X",99,"Unknown"
"sav12typ6X",-1,"NIU"
"sav12typ7X",1,"Yes"
"sav12typ7X",2,"No"
"sav12typ7X",99,"Unknown"
"sav12typ7X",-1,"NIU"
"av12typ99X",1,"Yes"
"av12typ99X",2,"No"
"av12typ99X",-1,"NIU"
"hincvolX",1,"Income was about the same each month"
"hincvolX",2,"Income varied somewhat from month to month"
"hincvolX",3,"Income varied a lot from month to month"
"hincvolX",99,"Unknown"
"hincvol2X",1,"Income was about the same each month"
"hincvol2X",2,"Income varied somewhat or a lot from month to month"
"hincvol2X",99,"Unknown"
"hbilldqX",1,"Yes"
"hbilldqX",2,"No"
"hbilldqX",99,"Unknown"
"hfinfobnkX",1,"Yes"
"hfinfobnkX",2,"No"
"hfinfobnkX",99,"Unknown"
"hfineduX",1,"Yes"
"hfineduX",2,"No"
"hfineduX",99,"Unknown"
"hfinedbnkX",1,"Yes"
"hfinedbnkX",2,"No"
"hfinedbnkX",99,"Unknown"
"hfinedbnkX",-1,"NIU"
"hintaccv2X",1,"Has access"
"hintaccv2X",2,"Does not have access"
"hintaccv2X",99,"Unknown"
"use12afstX",1,"Yes"
"use12afstX",2,"No"
"use12afstX",99,"Unknown"
"use12afscX",1,"Yes"
"use12afscX",2,"No"
"use12afscX",99,"Unknown"
"huse12afsX",1,"Yes"
"huse12afsX",2,"No"
"huse12afsX",99,"Unknown"
"e12afsnbrX",0,"Used 0 AFS"
"e12afsnbrX",1,"Used 1 AFS"
"e12afsnbrX",2,"Used 2 AFS"
"e12afsnbrX",3,"Used 3 or more AFS"
"e12afsnbrX",99,"Unknown"
"afstypeX",1,"Used only transaction AFS"
"afstypeX",2,"Used transaction and credit AFS"
"afstypeX",3,"Used only credit AFS "
"afstypeX",4,"Did not use any AFS in past 12 months"
"afstypeX",98,"AFS used, type unknown"
"afstypeX",99,"Use unknown"
"hinutypX",1,"Yes"
"hinutypX",2,"No"
"hinutypv2X",1,"Yes"
"hinutypv2X",2,"No"
"hinucredX",1,"Yes"
"hinucredX",2,"No"
"hinuecX",1,"Yes"
"hinuecX",2,"No"
"hinulearnX",1,"Yes"
"hinulearnX",2,"No"
"hbnkbrgoX",1,"Yes"
"hbnkbrgoX",2,"No"
"hbnkbrgoX",-1,"NIU"
"bnkbrgofqX",1,"1 to 4 times "
"bnkbrgofqX",2,"5 to 9 times "
"bnkbrgofqX",3,"10 or more times "
"bnkbrgofqX",4,"Visited bank branch, frequency unknown"
"bnkbrgofqX",5,"Did not visit bank branch in past 12 months"
"bnkbrgofqX",-1,"NIU"
"kbrgofq_cX",1,"1 to 4 times "
"kbrgofq_cX",2,"5 to 9 times "
"kbrgofq_cX",3,"10 or more times "
"kbrgofq_cX",4,"Frequency unknown"
"kbrgofq_cX",-1,"NIU"
"bnkmobv2aX",1,"Yes"
"bnkmobv2aX",2,"No"
"bnkmobv2aX",99,"Unknown"
"bnkmobv2aX",-1,"NIU"
"bnkmobv2bX",1,"Yes"
"bnkmobv2bX",2,"No"
"bnkmobv2bX",99,"Unknown"
"bnkmobv2bX",-1,"NIU"
"bnkmobv2cX",1,"Yes"
"bnkmobv2cX",2,"No"
"bnkmobv2cX",99,"Unknown"
"bnkmobv2cX",-1,"NIU"
"bnkmobv2dX",1,"Yes"
"bnkmobv2dX",2,"No"
"bnkmobv2dX",99,"Unknown"
"bnkmobv2dX",-1,"NIU"
"bnkmobv2eX",1,"Yes"
"bnkmobv2eX",2,"No"
"bnkmobv2eX",99,"Unknown"
"bnkmobv2eX",-1,"NIU"
"bnkmobv2fX",1,"Yes"
"bnkmobv2fX",2,"No"
"bnkmobv2fX",99,"Unknown"
"bnkmobv2fX",-1,"NIU"
"bnkmobv2gX",1,"Yes"
"bnkmobv2gX",2,"No"
"bnkmobv2gX",99,"Unknown"
"bnkmobv2gX",-1,"NIU"
"kmobv2a_cX",1,"Yes"
"kmobv2a_cX",2,"No"
"kmobv2a_cX",99,"Unknown"
"kmobv2a_cX",-1,"NIU"
"kmobv2b_cX",1,"Yes"
"kmobv2b_cX",2,"No"
"kmobv2b_cX",99,"Unknown"
"kmobv2b_cX",-1,"NIU"
"kmobv2c_cX",1,"Yes"
"kmobv2c_cX",2,"No"
"kmobv2c_cX",99,"Unknown"
"kmobv2c_cX",-1,"NIU"
"kmobv2d_cX",1,"Yes"
"kmobv2d_cX",2,"No"
"kmobv2d_cX",99,"Unknown"
"kmobv2d_cX",-1,"NIU"
"kmobv2e_cX",1,"Yes"
"kmobv2e_cX",2,"No"
"kmobv2e_cX",99,"Unknown"
"kmobv2e_cX",-1,"NIU"
"kmobv2f_cX",1,"Yes"
"kmobv2f_cX",2,"No"
"kmobv2f_cX",99,"Unknown"
"kmobv2f_cX",-1,"NIU"
"kmobv2g_cX",1,"Yes"
"kmobv2g_cX",2,"No"
"kmobv2g_cX",99,"Unknown"
"kmobv2g_cX",-1,"NIU"
"se12oafscX",1,"Yes"
"se12oafscX",2,"No"
"se12oafscX",99,"Unknown"
"se12oafscX",-1,"NIU"
"hcred12scX",1,"Yes"
"hcred12scX",2,"No"
"hcred12scX",-1,"NIU"
"cred12carX",1,"Yes"
"cred12carX",2,"No"
"cred12carX",-1,"NIU"
"red12hmlnX",1,"Yes"
"red12hmlnX",2,"No"
"red12hmlnX",-1,"NIU"
"hcred12slX",1,"Yes"
"hcred12slX",2,"No"
"hcred12slX",-1,"NIU"
"cred12othX",1,"Yes"
"cred12othX",2,"No"
"cred12othX",-1,"NIU"
"cred12anyX",1,"Yes"
"cred12anyX",2,"No"
"cred12anyX",-1,"NIU"
"red12noneX",1,"Yes"
"red12noneX",2,"No"
"red12noneX",-1,"NIU"
"ankstatv4X",1,"Unbanked"
"ankstatv4X",2,"Banked: Underbanked"
"ankstatv4X",3,"Banked: Fully banked"
"ankstatv4X",4,"Banked: Underbanked status unknown"
"e12afscv2X",1,"Yes"
"e12afscv2X",2,"No"
"e12afscv2X",99,"Unknown"
"se12afsv2X",1,"Yes"
"se12afsv2X",2,"No"
"se12afsv2X",99,"Unknown"
"ncchkmov2X",1,"Yes"
"ncchkmov2X",2,"No"
"ncchkmov2X",-1,"NIU"
"ncddbnkv2X",1,"Yes"
"ncddbnkv2X",2,"No"
"ncddbnkv2X",-1,"NIU"
"incddppv2X",1,"Yes"
"incddppv2X",2,"No"
"incddppv2X",-1,"NIU"
"inccashv2X",1,"Yes"
"inccashv2X",2,"No"
"inccashv2X",-1,"NIU"
"pincothv2X",1,"Yes"
"pincothv2X",2,"No"
"pincothv2X",-1,"NIU"
"ypincccv2X",1,"Yes"
"ypincccv2X",2,"No"
"ypincccv2X",-1,"NIU"
"incnonev2X",1,"Yes"
"incnonev2X",2,"No"
"incnonev2X",-1,"NIU"
"incbnkav2X",1,"Yes"
"incbnkav2X",2,"No"
"incbnkav2X",-1,"NIU"
"incbnkov2X",1,"Yes"
"incbnkov2X",2,"No"
"incbnkov2X",-1,"NIU"
"paycashv2X",1,"Yes"
"paycashv2X",2,"No"
"paycashv2X",-1,"NIU"
"ybnkchkv2X",1,"Yes"
"ybnkchkv2X",2,"No"
"ybnkchkv2X",-1,"NIU"
"aybnkdcv2X",1,"Yes"
"aybnkdcv2X",2,"No"
"aybnkdcv2X",-1,"NIU"
"yppayccv2X",1,"Yes"
"yppayccv2X",2,"No"
"yppayccv2X",-1,"NIU"
"yppayppv2X",1,"Yes"
"yppayppv2X",2,"No"
"yppayppv2X",-1,"NIU"
"aybnkbpv2X",1,"Yes"
"aybnkbpv2X",2,"No"
"aybnkbpv2X",-1,"NIU"
"ynbnkmov2X",1,"Yes"
"ynbnkmov2X",2,"No"
"ynbnkmov2X",-1,"NIU"
"aybnkmov2X",1,"Yes"
"aybnkmov2X",2,"No"
"aybnkmov2X",-1,"NIU"
"ppayothv2X",1,"Yes"
"ppayothv2X",2,"No"
"ppayothv2X",-1,"NIU"
"paynonev2X",1,"Yes"
"paynonev2X",2,"No"
"paynonev2X",-1,"NIU"
"paybnkav2X",1,"Yes"
"paybnkav2X",2,"No"
"paybnkav2X",-1,"NIU"
"paybnkov2X",1,"Yes"
"paybnkov2X",2,"No"
"paybnkov2X",-1,"NIU"
"typbnkov2X",1,"Yes"
"typbnkov2X",2,"No"
"typbnkov2X",-1,"NIU"
"nkmob1bnkX",1,"Yes"
"nkmob1bnkX",2,"No"
"nkmob1bnkX",99,"Unknown"
"nkmob1bnkX",-1,"NIU"
"nkmob2bnkX",1,"Yes"
"nkmob2bnkX",2,"No"
"nkmob2bnkX",99,"Unknown"
"nkmob2bnkX",-1,"NIU"
"nkmob3bnkX",1,"Yes"
"nkmob3bnkX",2,"No"
"nkmob3bnkX",99,"Unknown"
"nkmob3bnkX",-1,"NIU"
"nkmob4bnkX",1,"Yes"
"nkmob4bnkX",2,"No"
"nkmob4bnkX",99,"Unknown"
"nkmob4bnkX",-1,"NIU"
"nkmob5bnkX",1,"Yes"
"nkmob5bnkX",2,"No"
"nkmob5bnkX",99,"Unknown"
"nkmob5bnkX",-1,"NIU"
"nkmob6bnkX",1,"Yes"
"nkmob6bnkX",2,"No"
"nkmob6bnkX",99,"Unknown"
"nkmob6bnkX",-1,"NIU"
"nkmob7bnkX",1,"Yes"
"nkmob7bnkX",2,"No"
"nkmob7bnkX",99,"Unknown"
"nkmob7bnkX",-1,"NIU"
"nkmob8bnkX",1,"Yes"
"nkmob8bnkX",2,"No"
"nkmob8bnkX",99,"Unknown"
"nkmob8bnkX",-1,"NIU"
"nkmob9bnkX",1,"Yes"
"nkmob9bnkX",2,"No"
"nkmob9bnkX",99,"Unknown"
"nkmob9bnkX",-1,"NIU"
"cred12intX",1,"Yes"
"cred12intX",2,"No"
"cred12intX",-1,"NIU"
"ed12undemX",1,"Yes"
"ed12undemX",2,"No"
"ed12undemX",-1,"NIU"
"ypbnkoundX",1,"Used only bank methods to pay bills and receive income"
"ypbnkoundX",2,"Did not exclusively use bank methods to pay bills and receive income"
"ypbnkoundX",-1,"NIU"
"gtmetstaX",1,"Metropolitan area"
"gtmetstaX",2,"Not in metropolitan area"
"gtmetstaX",3,"Not identified"
"tsta5yr03X",1,"Metropolitan area"
"tsta5yr03X",2,"Not in metropolitan area"
"tsta5yr03X",3,"Not identified"
"tsta5yr13X",1,"Metropolitan area"
"tsta5yr13X",2,"Not in metropolitan area"
"tsta5yr13X",3,"Not identified"
"bnkprevv2X",1,"Once had bank account"
"bnkprevv2X",2,"Never had bank account"
"bnkprevv2X",-1,"NIU"
"bnkfutrv2X",1,"Very likely"
"bnkfutrv2X",2,"Somewhat likely"
"bnkfutrv2X",3,"Not very likely"
"bnkfutrv2X",4,"Not at all likely"
"bnkfutrv2X",-1,"NIU"
"kprevlyv2X",1,"Had bank account within last year"
"kprevlyv2X",2,"Had bank account more than 1 year ago"
"kprevlyv2X",3,"Never had bank account"
"kprevlyv2X",-1,"NIU"
"kprevlyv2X",98,"Previously banked, recency unknown"
